product_id,product_name,category,product_revenue,units_sold,orders_count,cumulative_revenue,total_revenue,revenue_share,pareto_flag
P99999,UNKNOWN_PRODUCT,UNKNOWN_CATEGORY,3291962,4250,1401,3291962,6482067,0.5079,TOP_80_PERCENT
P00990,UNKNOWN_PRODUCT,UNKNOWN_CATEGORY,19029,16,4,3310991,6482067,0.5108,TOP_80_PERCENT
P01170,UNKNOWN_PRODUCT,UNKNOWN_CATEGORY,17733,13,4,3328724,6482067,0.5135,TOP_80_PERCENT
P00702,UNKNOWN_PRODUCT,UNKNOWN_CATEGORY,16359,19,5,3345083,6482067,0.5161,TOP_80_PERCENT
P00105,Product_105,manicure,16090,17,5,3361173,6482067,0.5185,TOP_80_PERCENT
P00329,UNKNOWN_PRODUCT,UNKNOWN_CATEGORY,15558,13,4,3376731,6482067,0.5209,TOP_80_PERCENT
P00458,UNKNOWN_PRODUCT,UNKNOWN_CATEGORY,14978,13,5,3391709,6482067,0.5232,TOP_80_PERCENT
P00809,UNKNOWN_PRODUCT,UNKNOWN_CATEGORY,14595,13,3,3406304,6482067,0.5255,TOP_80_PERCENT
P01107,UNKNOWN_PRODUCT,UNKNOWN_CATEGORY,13930,15,3,3420234,6482067,0.5276,TOP_80_PERCENT
P01463,UNKNOWN_PRODUCT,UNKNOWN_CATEGORY,13012,13,4,3433246,6482067,0.5297,TOP_80_PERCENT
P00374,UNKNOWN_PRODUCT,UNKNOWN_CATEGORY,12956,12,3,3446202,6482067,0.5317,TOP_80_PERCENT
P01285,UNKNOWN_PRODUCT,UNKNOWN_CATEGORY,12529,9,2,3458731,6482067,0.5336,TOP_80_PERCENT
P00469,UNKNOWN_PRODUCT,UNKNOWN_CATEGORY,12328,13,4,3471059,6482067,0.5355,TOP_80_PERCENT
P01049,UNKNOWN_PRODUCT,UNKNOWN_CATEGORY,12099,13,3,3483158,6482067,0.5374,TOP_80_PERCENT
P00624,UNKNOWN_PRODUCT,UNKNOWN_CATEGORY,11490,18,5,3494648,6482067,0.5391,TOP_80_PERCENT
P00766,Product_766,tools,11457,11,3,3506105,6482067,0.5409,TOP_80_PERCENT
P01404,UNKNOWN_PRODUCT,UNKNOWN_CATEGORY,11438,14,3,3517543,6482067,0.5427,TOP_80_PERCENT
P01003,UNKNOWN_PRODUCT,UNKNOWN_CATEGORY,11422,11,3,3528965,6482067,0.5444,TOP_80_PERCENT
P01296,UNKNOWN_PRODUCT,UNKNOWN_CATEGORY,11132,9,3,3540097,6482067,0.5461,TOP_80_PERCENT
P00462,UNKNOWN_PRODUCT,UNKNOWN_CATEGORY,11125,15,3,3551222,6482067,0.5479,TOP_80_PERCENT
P00824,UNKNOWN_PRODUCT,UNKNOWN_CATEGORY,10957,13,4,3562179,6482067,0.5495,TOP_80_PERCENT
P00446,UNKNOWN_PRODUCT,UNKNOWN_CATEGORY,10906,10,3,3573085,6482067,0.5512,TOP_80_PERCENT
P01097,UNKNOWN_PRODUCT,UNKNOWN_CATEGORY,10889,11,3,3583974,6482067,0.5529,TOP_80_PERCENT
P01286,UNKNOWN_PRODUCT,UNKNOWN_CATEGORY,10872,12,3,3594846,6482067,0.5546,TOP_80_PERCENT
P01193,UNKNOWN_PRODUCT,UNKNOWN_CATEGORY,10870,9,2,3605716,6482067,0.5563,TOP_80_PERCENT
P00358,UNKNOWN_PRODUCT,UNKNOWN_CATEGORY,10834,9,3,3616550,6482067,0.5579,TOP_80_PERCENT
P01164,UNKNOWN_PRODUCT,UNKNOWN_CATEGORY,10833,9,2,3627383,6482067,0.5596,TOP_80_PERCENT
P01229,Product_1229,pedicure,10791,9,2,3638174,6482067,0.5613,TOP_80_PERCENT
P00911,UNKNOWN_PRODUCT,UNKNOWN_CATEGORY,10775,11,3,3648949,6482067,0.5629,TOP_80_PERCENT
P00675,UNKNOWN_PRODUCT,UNKNOWN_CATEGORY,10774,17,5,3659723,6482067,0.5646,TOP_80_PERCENT
P01468,UNKNOWN_PRODUCT,UNKNOWN_CATEGORY,10764,17,5,3670487,6482067,0.5663,TOP_80_PERCENT
P00133,UNKNOWN_PRODUCT,UNKNOWN_CATEGORY,10689,12,3,3681176,6482067,0.5679,TOP_80_PERCENT
P01435,Product_1435,manicure,10665,9,3,3691841,6482067,0.5695,TOP_80_PERCENT
P00622,UNKNOWN_PRODUCT,UNKNOWN_CATEGORY,10446,10,3,3702287,6482067,0.5712,TOP_80_PERCENT
P00106,UNKNOWN_PRODUCT,UNKNOWN_CATEGORY,10381,13,3,3712668,6482067,0.5728,TOP_80_PERCENT
P00218,Product_218,manicure,10345,7,2,3723013,6482067,0.5744,TOP_80_PERCENT
P00486,Product_486,pedicure,10304,10,3,3733317,6482067,0.5759,TOP_80_PERCENT
P00666,UNKNOWN_PRODUCT,UNKNOWN_CATEGORY,10120,9,2,3743437,6482067,0.5775,TOP_80_PERCENT
P00648,UNKNOWN_PRODUCT,UNKNOWN_CATEGORY,10030,8,3,3753467,6482067,0.5791,TOP_80_PERCENT
P00934,UNKNOWN_PRODUCT,UNKNOWN_CATEGORY,9901,14,3,3763368,6482067,0.5806,TOP_80_PERCENT
P00406,UNKNOWN_PRODUCT,UNKNOWN_CATEGORY,9765,11,4,3773133,6482067,0.5821,TOP_80_PERCENT
P01236,UNKNOWN_PRODUCT,UNKNOWN_CATEGORY,9694,7,2,3782827,6482067,0.5836,TOP_80_PERCENT
P00031,UNKNOWN_PRODUCT,UNKNOWN_CATEGORY,9642,8,2,3792469,6482067,0.5851,TOP_80_PERCENT
P00821,Product_821,tools,9559,9,2,3802028,6482067,0.5865,TOP_80_PERCENT
P00292,UNKNOWN_PRODUCT,UNKNOWN_CATEGORY,9472,13,3,3811500,6482067,0.588,TOP_80_PERCENT
P00812,UNKNOWN_PRODUCT,UNKNOWN_CATEGORY,9427,7,2,3820927,6482067,0.5895,TOP_80_PERCENT
P00600,Product_600,pedicure,9386,10,3,3830313,6482067,0.5909,TOP_80_PERCENT
P00277,Product_277,tools,9321,9,3,3839634,6482067,0.5923,TOP_80_PERCENT
P00790,UNKNOWN_PRODUCT,UNKNOWN_CATEGORY,9298,11,3,3848932,6482067,0.5938,TOP_80_PERCENT
P01499,UNKNOWN_PRODUCT,UNKNOWN_CATEGORY,9272,15,4,3858204,6482067,0.5952,TOP_80_PERCENT
P01178,UNKNOWN_PRODUCT,UNKNOWN_CATEGORY,9237,8,2,3867441,6482067,0.5966,TOP_80_PERCENT
P01114,UNKNOWN_PRODUCT,UNKNOWN_CATEGORY,9093,8,2,3876534,6482067,0.598,TOP_80_PERCENT
P01196,Product_1196,manicure,9087,13,3,3885621,6482067,0.5994,TOP_80_PERCENT
P00984,UNKNOWN_PRODUCT,UNKNOWN_CATEGORY,9034,10,3,3894655,6482067,0.6008,TOP_80_PERCENT
P00290,UNKNOWN_PRODUCT,UNKNOWN_CATEGORY,8977,8,2,3903632,6482067,0.6022,TOP_80_PERCENT
P01334,Product_1334,pedicure,8877,10,3,3912509,6482067,0.6036,TOP_80_PERCENT
P00615,UNKNOWN_PRODUCT,UNKNOWN_CATEGORY,8852,10,3,3921361,6482067,0.605,TOP_80_PERCENT
P00799,UNKNOWN_PRODUCT,UNKNOWN_CATEGORY,8841,9,2,3930202,6482067,0.6063,TOP_80_PERCENT
P00023,Product_23,pedicure,8781,7,2,3938983,6482067,0.6077,TOP_80_PERCENT
P01464,UNKNOWN_PRODUCT,UNKNOWN_CATEGORY,8736,7,2,3947719,6482067,0.609,TOP_80_PERCENT
P00228,Product_228,tools,8729,11,3,3956448,6482067,0.6104,TOP_80_PERCENT
P01469,UNKNOWN_PRODUCT,UNKNOWN_CATEGORY,8724,8,2,3965172,6482067,0.6117,TOP_80_PERCENT
P00230,Product_230,manicure,8651,9,2,3973823,6482067,0.613,TOP_80_PERCENT
P00909,UNKNOWN_PRODUCT,UNKNOWN_CATEGORY,8645,9,2,3982468,6482067,0.6144,TOP_80_PERCENT
P00595,UNKNOWN_PRODUCT,UNKNOWN_CATEGORY,8548,10,3,3991016,6482067,0.6157,TOP_80_PERCENT
P00366,UNKNOWN_PRODUCT,UNKNOWN_CATEGORY,8473,7,3,3999489,6482067,0.617,TOP_80_PERCENT
P00829,UNKNOWN_PRODUCT,UNKNOWN_CATEGORY,8372,15,4,4007861,6482067,0.6183,TOP_80_PERCENT
P00554,UNKNOWN_PRODUCT,UNKNOWN_CATEGORY,8308,9,2,4016169,6482067,0.6196,TOP_80_PERCENT
P00234,Product_234,manicure,8239,11,4,4024408,6482067,0.6209,TOP_80_PERCENT
P00460,UNKNOWN_PRODUCT,UNKNOWN_CATEGORY,8220,7,2,4032628,6482067,0.6221,TOP_80_PERCENT
P00686,Product_686,tools,8219,7,2,4040847,6482067,0.6234,TOP_80_PERCENT
P00919,UNKNOWN_PRODUCT,UNKNOWN_CATEGORY,8182,15,4,4049029,6482067,0.6247,TOP_80_PERCENT
P00607,UNKNOWN_PRODUCT,UNKNOWN_CATEGORY,8170,10,2,4057199,6482067,0.6259,TOP_80_PERCENT
P00020,UNKNOWN_PRODUCT,UNKNOWN_CATEGORY,8121,7,2,4065320,6482067,0.6272,TOP_80_PERCENT
P00942,UNKNOWN_PRODUCT,UNKNOWN_CATEGORY,8117,7,2,4073437,6482067,0.6284,TOP_80_PERCENT
P01221,UNKNOWN_PRODUCT,UNKNOWN_CATEGORY,8062,8,3,4081499,6482067,0.6297,TOP_80_PERCENT
P01403,Product_1403,pedicure,8016,8,3,4089515,6482067,0.6309,TOP_80_PERCENT
P00500,Product_500,tools,7997,10,3,4097512,6482067,0.6321,TOP_80_PERCENT
P00279,UNKNOWN_PRODUCT,UNKNOWN_CATEGORY,7916,6,2,4105428,6482067,0.6334,TOP_80_PERCENT
P00381,UNKNOWN_PRODUCT,UNKNOWN_CATEGORY,7898,8,2,4113326,6482067,0.6346,TOP_80_PERCENT
P00555,UNKNOWN_PRODUCT,UNKNOWN_CATEGORY,7885,9,2,4121211,6482067,0.6358,TOP_80_PERCENT
P00758,UNKNOWN_PRODUCT,UNKNOWN_CATEGORY,7884,8,3,4129095,6482067,0.637,TOP_80_PERCENT
P00128,Product_128,manicure,7864,7,3,4136959,6482067,0.6382,TOP_80_PERCENT
P00808,UNKNOWN_PRODUCT,UNKNOWN_CATEGORY,7860,8,3,4144819,6482067,0.6394,TOP_80_PERCENT
P01297,UNKNOWN_PRODUCT,UNKNOWN_CATEGORY,7852,9,2,4152671,6482067,0.6406,TOP_80_PERCENT
P00860,Product_860,pedicure,7812,6,2,4160483,6482067,0.6418,TOP_80_PERCENT
P00313,UNKNOWN_PRODUCT,UNKNOWN_CATEGORY,7800,7,3,4168283,6482067,0.643,TOP_80_PERCENT
P00302,UNKNOWN_PRODUCT,UNKNOWN_CATEGORY,7679,7,2,4175962,6482067,0.6442,TOP_80_PERCENT
P00661,UNKNOWN_PRODUCT,UNKNOWN_CATEGORY,7668,9,3,4191298,6482067,0.6466,TOP_80_PERCENT
P00694,UNKNOWN_PRODUCT,UNKNOWN_CATEGORY,7668,10,3,4191298,6482067,0.6466,TOP_80_PERCENT
P00052,UNKNOWN_PRODUCT,UNKNOWN_CATEGORY,7628,9,2,4198926,6482067,0.6478,TOP_80_PERCENT
P00434,UNKNOWN_PRODUCT,UNKNOWN_CATEGORY,7600,10,2,4206526,6482067,0.6489,TOP_80_PERCENT
P00693,UNKNOWN_PRODUCT,UNKNOWN_CATEGORY,7588,9,3,4214114,6482067,0.6501,TOP_80_PERCENT
P01309,UNKNOWN_PRODUCT,UNKNOWN_CATEGORY,7537,8,2,4221651,6482067,0.6513,TOP_80_PERCENT
P00171,Product_171,pedicure,7486,7,2,4229137,6482067,0.6524,TOP_80_PERCENT
P00721,UNKNOWN_PRODUCT,UNKNOWN_CATEGORY,7435,7,2,4236572,6482067,0.6536,TOP_80_PERCENT
P01235,Product_1235,manicure,7432,8,2,4244004,6482067,0.6547,TOP_80_PERCENT
P01149,UNKNOWN_PRODUCT,UNKNOWN_CATEGORY,7406,8,3,4251410,6482067,0.6559,TOP_80_PERCENT
P00431,UNKNOWN_PRODUCT,UNKNOWN_CATEGORY,7364,11,3,4258774,6482067,0.657,TOP_80_PERCENT
P00135,UNKNOWN_PRODUCT,UNKNOWN_CATEGORY,7362,6,3,4266136,6482067,0.6581,TOP_80_PERCENT
P00241,UNKNOWN_PRODUCT,UNKNOWN_CATEGORY,7352,11,3,4273488,6482067,0.6593,TOP_80_PERCENT
P00674,UNKNOWN_PRODUCT,UNKNOWN_CATEGORY,7256,12,3,4280744,6482067,0.6604,TOP_80_PERCENT
P00151,Product_151,manicure,7237,7,3,4287981,6482067,0.6615,TOP_80_PERCENT
P00454,UNKNOWN_PRODUCT,UNKNOWN_CATEGORY,7230,5,1,4295211,6482067,0.6626,TOP_80_PERCENT
P01209,UNKNOWN_PRODUCT,UNKNOWN_CATEGORY,7215,5,1,4302426,6482067,0.6637,TOP_80_PERCENT
P00322,UNKNOWN_PRODUCT,UNKNOWN_CATEGORY,7193,13,3,4309619,6482067,0.6649,TOP_80_PERCENT
P00532,Product_532,pedicure,7185,6,2,4316804,6482067,0.666,TOP_80_PERCENT
P00368,UNKNOWN_PRODUCT,UNKNOWN_CATEGORY,7165,10,2,4323969,6482067,0.6671,TOP_80_PERCENT
P01355,UNKNOWN_PRODUCT,UNKNOWN_CATEGORY,7162,6,2,4331131,6482067,0.6682,TOP_80_PERCENT
P00005,UNKNOWN_PRODUCT,UNKNOWN_CATEGORY,7140,5,1,4338271,6482067,0.6693,TOP_80_PERCENT
P00098,UNKNOWN_PRODUCT,UNKNOWN_CATEGORY,7021,9,3,4345292,6482067,0.6704,TOP_80_PERCENT
P00499,Product_499,tools,7000,5,1,4352292,6482067,0.6714,TOP_80_PERCENT
P00733,UNKNOWN_PRODUCT,UNKNOWN_CATEGORY,6996,7,2,4359288,6482067,0.6725,TOP_80_PERCENT
P01108,UNKNOWN_PRODUCT,UNKNOWN_CATEGORY,6990,5,1,4366278,6482067,0.6736,TOP_80_PERCENT
P01290,UNKNOWN_PRODUCT,UNKNOWN_CATEGORY,6961,7,2,4373239,6482067,0.6747,TOP_80_PERCENT
P00951,UNKNOWN_PRODUCT,UNKNOWN_CATEGORY,6945,5,1,4380184,6482067,0.6757,TOP_80_PERCENT
P01188,UNKNOWN_PRODUCT,UNKNOWN_CATEGORY,6895,5,1,4387079,6482067,0.6768,TOP_80_PERCENT
P00153,Product_153,tools,6890,6,2,4393969,6482067,0.6779,TOP_80_PERCENT
P00627,UNKNOWN_PRODUCT,UNKNOWN_CATEGORY,6875,5,1,4400844,6482067,0.6789,TOP_80_PERCENT
P00461,UNKNOWN_PRODUCT,UNKNOWN_CATEGORY,6855,10,3,4407699,6482067,0.68,TOP_80_PERCENT
P00738,UNKNOWN_PRODUCT,UNKNOWN_CATEGORY,6782,10,3,4414481,6482067,0.681,TOP_80_PERCENT
P00931,Product_931,pedicure,6746,6,2,4421227,6482067,0.6821,TOP_80_PERCENT
P00487,UNKNOWN_PRODUCT,UNKNOWN_CATEGORY,6742,11,3,4427969,6482067,0.6831,TOP_80_PERCENT
P00748,Product_748,pedicure,6711,8,3,4434680,6482067,0.6841,TOP_80_PERCENT
P00139,Product_139,pedicure,6701,5,2,4441381,6482067,0.6852,TOP_80_PERCENT
P01352,Product_1352,manicure,6660,8,2,4448041,6482067,0.6862,TOP_80_PERCENT
P00996,UNKNOWN_PRODUCT,UNKNOWN_CATEGORY,6645,5,1,4454686,6482067,0.6872,TOP_80_PERCENT
P00012,Product_12,tools,6631,8,2,4461317,6482067,0.6883,TOP_80_PERCENT
P01433,UNKNOWN_PRODUCT,UNKNOWN_CATEGORY,6630,7,3,4467947,6482067,0.6893,TOP_80_PERCENT
P01263,UNKNOWN_PRODUCT,UNKNOWN_CATEGORY,6618,5,2,4474565,6482067,0.6903,TOP_80_PERCENT
P00518,UNKNOWN_PRODUCT,UNKNOWN_CATEGORY,6610,5,1,4481175,6482067,0.6913,TOP_80_PERCENT
P00844,Product_844,pedicure,6570,10,2,4487745,6482067,0.6923,TOP_80_PERCENT
P00904,UNKNOWN_PRODUCT,UNKNOWN_CATEGORY,6543,6,2,4494288,6482067,0.6933,TOP_80_PERCENT
P01472,UNKNOWN_PRODUCT,UNKNOWN_CATEGORY,6521,8,4,4500809,6482067,0.6943,TOP_80_PERCENT
P01009,UNKNOWN_PRODUCT,UNKNOWN_CATEGORY,6496,12,3,4507305,6482067,0.6953,TOP_80_PERCENT
P00839,UNKNOWN_PRODUCT,UNKNOWN_CATEGORY,6488,6,3,4513793,6482067,0.6964,TOP_80_PERCENT
P00962,UNKNOWN_PRODUCT,UNKNOWN_CATEGORY,6472,5,2,4520265,6482067,0.6973,TOP_80_PERCENT
P01044,UNKNOWN_PRODUCT,UNKNOWN_CATEGORY,6459,11,4,4526724,6482067,0.6983,TOP_80_PERCENT
P00753,Product_753,tools,6456,6,2,4533180,6482067,0.6993,TOP_80_PERCENT
P00007,UNKNOWN_PRODUCT,UNKNOWN_CATEGORY,6443,5,2,4539623,6482067,0.7003,TOP_80_PERCENT
P00391,Product_391,pedicure,6404,8,2,4546027,6482067,0.7013,TOP_80_PERCENT
P00619,UNKNOWN_PRODUCT,UNKNOWN_CATEGORY,6385,5,1,4552412,6482067,0.7023,TOP_80_PERCENT
P00657,Product_657,manicure,6377,5,2,4558789,6482067,0.7033,TOP_80_PERCENT
P00030,UNKNOWN_PRODUCT,UNKNOWN_CATEGORY,6370,5,1,4571529,6482067,0.7053,TOP_80_PERCENT
P01461,UNKNOWN_PRODUCT,UNKNOWN_CATEGORY,6370,10,2,4571529,6482067,0.7053,TOP_80_PERCENT
P01179,UNKNOWN_PRODUCT,UNKNOWN_CATEGORY,6365,5,1,4584259,6482067,0.7072,TOP_80_PERCENT
P00132,UNKNOWN_PRODUCT,UNKNOWN_CATEGORY,6365,5,1,4584259,6482067,0.7072,TOP_80_PERCENT
P00987,UNKNOWN_PRODUCT,UNKNOWN_CATEGORY,6341,6,2,4590600,6482067,0.7082,TOP_80_PERCENT
P00845,UNKNOWN_PRODUCT,UNKNOWN_CATEGORY,6335,5,1,4596935,6482067,0.7092,TOP_80_PERCENT
P01152,UNKNOWN_PRODUCT,UNKNOWN_CATEGORY,6272,7,2,4603207,6482067,0.7101,TOP_80_PERCENT
P01385,Product_1385,pedicure,6266,7,2,4609473,6482067,0.7111,TOP_80_PERCENT
P00977,UNKNOWN_PRODUCT,UNKNOWN_CATEGORY,6252,6,2,4615725,6482067,0.7121,TOP_80_PERCENT
P01347,UNKNOWN_PRODUCT,UNKNOWN_CATEGORY,6243,9,2,4621968,6482067,0.713,TOP_80_PERCENT
P00188,Product_188,tools,6232,6,2,4628200,6482067,0.714,TOP_80_PERCENT
P00314,UNKNOWN_PRODUCT,UNKNOWN_CATEGORY,6222,11,3,4634422,6482067,0.715,TOP_80_PERCENT
P01133,Product_1133,manicure,6210,5,1,4640632,6482067,0.7159,TOP_80_PERCENT
P00507,UNKNOWN_PRODUCT,UNKNOWN_CATEGORY,6162,6,2,4646794,6482067,0.7169,TOP_80_PERCENT
P00331,UNKNOWN_PRODUCT,UNKNOWN_CATEGORY,6160,5,1,4652954,6482067,0.7178,TOP_80_PERCENT
P00147,UNKNOWN_PRODUCT,UNKNOWN_CATEGORY,6153,6,3,4659107,6482067,0.7188,TOP_80_PERCENT
P01280,UNKNOWN_PRODUCT,UNKNOWN_CATEGORY,6150,5,1,4665257,6482067,0.7197,TOP_80_PERCENT
P00448,UNKNOWN_PRODUCT,UNKNOWN_CATEGORY,6115,7,3,4671372,6482067,0.7207,TOP_80_PERCENT
P00585,UNKNOWN_PRODUCT,UNKNOWN_CATEGORY,6099,6,2,4677471,6482067,0.7216,TOP_80_PERCENT
P00537,UNKNOWN_PRODUCT,UNKNOWN_CATEGORY,6065,5,1,4683536,6482067,0.7225,TOP_80_PERCENT
P00184,UNKNOWN_PRODUCT,UNKNOWN_CATEGORY,6060,5,1,4689596,6482067,0.7235,TOP_80_PERCENT
P01277,UNKNOWN_PRODUCT,UNKNOWN_CATEGORY,6030,9,3,4695626,6482067,0.7244,TOP_80_PERCENT
P01062,UNKNOWN_PRODUCT,UNKNOWN_CATEGORY,6024,5,2,4701650,6482067,0.7253,TOP_80_PERCENT
P01271,UNKNOWN_PRODUCT,UNKNOWN_CATEGORY,6020,5,1,4707670,6482067,0.7263,TOP_80_PERCENT
P01091,UNKNOWN_PRODUCT,UNKNOWN_CATEGORY,6017,5,2,4713687,6482067,0.7272,TOP_80_PERCENT
P00367,Product_367,manicure,5996,6,3,4719683,6482067,0.7281,TOP_80_PERCENT
P00859,UNKNOWN_PRODUCT,UNKNOWN_CATEGORY,5995,5,1,4725678,6482067,0.729,TOP_80_PERCENT
P01477,UNKNOWN_PRODUCT,UNKNOWN_CATEGORY,5986,6,3,4731664,6482067,0.73,TOP_80_PERCENT
P01084,Product_1084,pedicure,5964,4,1,4737628,6482067,0.7309,TOP_80_PERCENT
P00026,UNKNOWN_PRODUCT,UNKNOWN_CATEGORY,5910,5,1,4743538,6482067,0.7318,TOP_80_PERCENT
P00165,Product_165,manicure,5909,9,3,4749447,6482067,0.7327,TOP_80_PERCENT
P00695,Product_695,manicure,5900,4,1,4755347,6482067,0.7336,TOP_80_PERCENT
P00967,Product_967,pedicure,5895,5,1,4761242,6482067,0.7345,TOP_80_PERCENT
P01130,UNKNOWN_PRODUCT,UNKNOWN_CATEGORY,5888,4,1,4767130,6482067,0.7354,TOP_80_PERCENT
P00650,UNKNOWN_PRODUCT,UNKNOWN_CATEGORY,5875,5,1,4773005,6482067,0.7363,TOP_80_PERCENT
P00369,Product_369,pedicure,5855,5,1,4778860,6482067,0.7372,TOP_80_PERCENT
P00125,Product_125,manicure,5844,8,2,4784704,6482067,0.7381,TOP_80_PERCENT
P00594,UNKNOWN_PRODUCT,UNKNOWN_CATEGORY,5832,4,1,4790536,6482067,0.739,TOP_80_PERCENT
P00543,UNKNOWN_PRODUCT,UNKNOWN_CATEGORY,5812,6,2,4796348,6482067,0.7399,TOP_80_PERCENT
P00160,UNKNOWN_PRODUCT,UNKNOWN_CATEGORY,5800,10,3,4802148,6482067,0.7408,TOP_80_PERCENT
P00114,Product_114,manicure,5795,5,1,4807943,6482067,0.7417,TOP_80_PERCENT
P00490,Product_490,tools,5790,6,2,4813733,6482067,0.7426,TOP_80_PERCENT
P01157,UNKNOWN_PRODUCT,UNKNOWN_CATEGORY,5776,9,3,4819509,6482067,0.7435,TOP_80_PERCENT
P00896,UNKNOWN_PRODUCT,UNKNOWN_CATEGORY,5775,5,1,4825284,6482067,0.7444,TOP_80_PERCENT
P00173,UNKNOWN_PRODUCT,UNKNOWN_CATEGORY,5760,6,2,4831044,6482067,0.7453,TOP_80_PERCENT
P01447,UNKNOWN_PRODUCT,UNKNOWN_CATEGORY,5750,5,1,4836794,6482067,0.7462,TOP_80_PERCENT
P00301,UNKNOWN_PRODUCT,UNKNOWN_CATEGORY,5744,4,1,4842538,6482067,0.7471,TOP_80_PERCENT
P01350,UNKNOWN_PRODUCT,UNKNOWN_CATEGORY,5730,7,2,4848268,6482067,0.748,TOP_80_PERCENT
P01363,UNKNOWN_PRODUCT,UNKNOWN_CATEGORY,5720,5,1,4853988,6482067,0.7488,TOP_80_PERCENT
P01118,UNKNOWN_PRODUCT,UNKNOWN_CATEGORY,5715,5,1,4859703,6482067,0.7497,TOP_80_PERCENT
P00981,UNKNOWN_PRODUCT,UNKNOWN_CATEGORY,5672,4,1,4865375,6482067,0.7506,TOP_80_PERCENT
P01112,UNKNOWN_PRODUCT,UNKNOWN_CATEGORY,5648,4,1,4871023,6482067,0.7515,TOP_80_PERCENT
P01073,UNKNOWN_PRODUCT,UNKNOWN_CATEGORY,5643,6,2,4876666,6482067,0.7523,TOP_80_PERCENT
P00101,UNKNOWN_PRODUCT,UNKNOWN_CATEGORY,5640,4,1,4882306,6482067,0.7532,TOP_80_PERCENT
P00527,UNKNOWN_PRODUCT,UNKNOWN_CATEGORY,5605,5,1,4887911,6482067,0.7541,TOP_80_PERCENT
P00783,Product_783,tools,5604,4,1,4893515,6482067,0.7549,TOP_80_PERCENT
P01025,UNKNOWN_PRODUCT,UNKNOWN_CATEGORY,5577,6,2,4899092,6482067,0.7558,TOP_80_PERCENT
P01359,Product_1359,manicure,5540,4,1,4904632,6482067,0.7566,TOP_80_PERCENT
P01064,UNKNOWN_PRODUCT,UNKNOWN_CATEGORY,5482,5,2,4910114,6482067,0.7575,TOP_80_PERCENT
P00540,UNKNOWN_PRODUCT,UNKNOWN_CATEGORY,5476,4,2,4915590,6482067,0.7583,TOP_80_PERCENT
P01373,UNKNOWN_PRODUCT,UNKNOWN_CATEGORY,5468,7,3,4921058,6482067,0.7592,TOP_80_PERCENT
P01396,UNKNOWN_PRODUCT,UNKNOWN_CATEGORY,5456,4,1,4926514,6482067,0.76,TOP_80_PERCENT
P01287,UNKNOWN_PRODUCT,UNKNOWN_CATEGORY,5424,9,2,4931938,6482067,0.7609,TOP_80_PERCENT
P00669,UNKNOWN_PRODUCT,UNKNOWN_CATEGORY,5396,4,1,4937334,6482067,0.7617,TOP_80_PERCENT
P00034,UNKNOWN_PRODUCT,UNKNOWN_CATEGORY,5382,7,2,4942716,6482067,0.7625,TOP_80_PERCENT
P00009,UNKNOWN_PRODUCT,UNKNOWN_CATEGORY,5358,4,2,4948074,6482067,0.7633,TOP_80_PERCENT
P00047,UNKNOWN_PRODUCT,UNKNOWN_CATEGORY,5340,10,2,4953414,6482067,0.7642,TOP_80_PERCENT
P00511,Product_511,pedicure,5339,8,3,4958753,6482067,0.765,TOP_80_PERCENT
P00455,Product_455,manicure,5334,6,2,4964087,6482067,0.7658,TOP_80_PERCENT
P00212,UNKNOWN_PRODUCT,UNKNOWN_CATEGORY,5295,5,1,4974677,6482067,0.7675,TOP_80_PERCENT
P00756,UNKNOWN_PRODUCT,UNKNOWN_CATEGORY,5295,5,1,4974677,6482067,0.7675,TOP_80_PERCENT
P01231,UNKNOWN_PRODUCT,UNKNOWN_CATEGORY,5294,5,2,4979971,6482067,0.7683,TOP_80_PERCENT
P00749,UNKNOWN_PRODUCT,UNKNOWN_CATEGORY,5282,6,2,4985253,6482067,0.7691,TOP_80_PERCENT
P01036,Product_1036,tools,5280,5,1,4995813,6482067,0.7707,TOP_80_PERCENT
P01315,UNKNOWN_PRODUCT,UNKNOWN_CATEGORY,5280,5,1,4995813,6482067,0.7707,TOP_80_PERCENT
P01328,UNKNOWN_PRODUCT,UNKNOWN_CATEGORY,5272,4,1,5001085,6482067,0.7715,TOP_80_PERCENT
P01124,UNKNOWN_PRODUCT,UNKNOWN_CATEGORY,5270,5,2,5006355,6482067,0.7723,TOP_80_PERCENT
P00893,UNKNOWN_PRODUCT,UNKNOWN_CATEGORY,5268,4,1,5011623,6482067,0.7732,TOP_80_PERCENT
P01096,UNKNOWN_PRODUCT,UNKNOWN_CATEGORY,5266,6,2,5016889,6482067,0.774,TOP_80_PERCENT
P00298,Product_298,pedicure,5256,9,2,5027401,6482067,0.7756,TOP_80_PERCENT
P00092,UNKNOWN_PRODUCT,UNKNOWN_CATEGORY,5256,4,1,5027401,6482067,0.7756,TOP_80_PERCENT
P00655,Product_655,tools,5236,4,3,5032637,6482067,0.7764,TOP_80_PERCENT
P00652,Product_652,manicure,5170,5,1,5037807,6482067,0.7772,TOP_80_PERCENT
P00429,UNKNOWN_PRODUCT,UNKNOWN_CATEGORY,5166,7,2,5042973,6482067,0.778,TOP_80_PERCENT
P00590,UNKNOWN_PRODUCT,UNKNOWN_CATEGORY,5141,5,2,5048114,6482067,0.7788,TOP_80_PERCENT
P00935,UNKNOWN_PRODUCT,UNKNOWN_CATEGORY,5132,9,2,5053246,6482067,0.7796,TOP_80_PERCENT
P01331,UNKNOWN_PRODUCT,UNKNOWN_CATEGORY,5130,5,1,5058376,6482067,0.7804,TOP_80_PERCENT
P01238,UNKNOWN_PRODUCT,UNKNOWN_CATEGORY,5116,4,1,5063492,6482067,0.7812,TOP_80_PERCENT
P01420,UNKNOWN_PRODUCT,UNKNOWN_CATEGORY,5100,4,1,5068592,6482067,0.7819,TOP_80_PERCENT
P00660,UNKNOWN_PRODUCT,UNKNOWN_CATEGORY,5095,5,1,5073687,6482067,0.7827,TOP_80_PERCENT
P01215,UNKNOWN_PRODUCT,UNKNOWN_CATEGORY,5088,9,3,5078775,6482067,0.7835,TOP_80_PERCENT
P01101,Product_1101,tools,5078,9,3,5083853,6482067,0.7843,TOP_80_PERCENT
P00617,UNKNOWN_PRODUCT,UNKNOWN_CATEGORY,5055,5,1,5088908,6482067,0.7851,TOP_80_PERCENT
P01227,UNKNOWN_PRODUCT,UNKNOWN_CATEGORY,5052,4,1,5093960,6482067,0.7859,TOP_80_PERCENT
P00180,Product_180,manicure,5040,5,1,5099000,6482067,0.7866,TOP_80_PERCENT
P01223,UNKNOWN_PRODUCT,UNKNOWN_CATEGORY,5020,8,3,5104020,6482067,0.7874,TOP_80_PERCENT
P00058,UNKNOWN_PRODUCT,UNKNOWN_CATEGORY,5000,5,1,5109020,6482067,0.7882,TOP_80_PERCENT
P00838,UNKNOWN_PRODUCT,UNKNOWN_CATEGORY,4986,12,3,5114006,6482067,0.7889,TOP_80_PERCENT
P00948,Product_948,manicure,4978,9,2,5118984,6482067,0.7897,TOP_80_PERCENT
P00219,Product_219,tools,4975,5,1,5123959,6482067,0.7905,TOP_80_PERCENT
P01376,Product_1376,manicure,4972,6,2,5128931,6482067,0.7912,TOP_80_PERCENT
P01344,UNKNOWN_PRODUCT,UNKNOWN_CATEGORY,4968,4,1,5133899,6482067,0.792,TOP_80_PERCENT
P00039,UNKNOWN_PRODUCT,UNKNOWN_CATEGORY,4965,5,1,5138864,6482067,0.7928,TOP_80_PERCENT
P00425,Product_425,pedicure,4917,6,2,5143781,6482067,0.7935,TOP_80_PERCENT
P00357,Product_357,tools,4910,5,1,5148691,6482067,0.7943,TOP_80_PERCENT
P00063,UNKNOWN_PRODUCT,UNKNOWN_CATEGORY,4900,7,2,5153591,6482067,0.7951,TOP_80_PERCENT
P01274,UNKNOWN_PRODUCT,UNKNOWN_CATEGORY,4865,5,1,5158456,6482067,0.7958,TOP_80_PERCENT
P01050,UNKNOWN_PRODUCT,UNKNOWN_CATEGORY,4856,13,3,5163312,6482067,0.7966,TOP_80_PERCENT
P00011,UNKNOWN_PRODUCT,UNKNOWN_CATEGORY,4854,5,2,5168166,6482067,0.7973,TOP_80_PERCENT
P01068,Product_1068,tools,4841,4,2,5173007,6482067,0.798,TOP_80_PERCENT
P01425,Product_1425,manicure,4830,5,1,5177837,6482067,0.7988,TOP_80_PERCENT
P01251,UNKNOWN_PRODUCT,UNKNOWN_CATEGORY,4825,5,1,5182662,6482067,0.7995,TOP_80_PERCENT
P01302,UNKNOWN_PRODUCT,UNKNOWN_CATEGORY,4820,5,1,5187482,6482067,0.8003,BOTTOM_20_PERCENT
P00343,UNKNOWN_PRODUCT,UNKNOWN_CATEGORY,4778,6,3,5192260,6482067,0.801,BOTTOM_20_PERCENT
P00737,UNKNOWN_PRODUCT,UNKNOWN_CATEGORY,4774,12,5,5197034,6482067,0.8018,BOTTOM_20_PERCENT
P01018,UNKNOWN_PRODUCT,UNKNOWN_CATEGORY,4746,6,2,5201780,6482067,0.8025,BOTTOM_20_PERCENT
P01093,UNKNOWN_PRODUCT,UNKNOWN_CATEGORY,4724,4,1,5206504,6482067,0.8032,BOTTOM_20_PERCENT
P00215,UNKNOWN_PRODUCT,UNKNOWN_CATEGORY,4698,5,2,5211202,6482067,0.8039,BOTTOM_20_PERCENT
P01145,Product_1145,manicure,4680,5,1,5215882,6482067,0.8047,BOTTOM_20_PERCENT
P01465,UNKNOWN_PRODUCT,UNKNOWN_CATEGORY,4675,5,1,5220557,6482067,0.8054,BOTTOM_20_PERCENT
P01486,Product_1486,tools,4666,4,2,5225223,6482067,0.8061,BOTTOM_20_PERCENT
P01208,UNKNOWN_PRODUCT,UNKNOWN_CATEGORY,4665,5,1,5229888,6482067,0.8068,BOTTOM_20_PERCENT
P00510,Product_510,pedicure,4646,4,2,5234534,6482067,0.8075,BOTTOM_20_PERCENT
P01362,UNKNOWN_PRODUCT,UNKNOWN_CATEGORY,4627,5,2,5239161,6482067,0.8083,BOTTOM_20_PERCENT
P01216,UNKNOWN_PRODUCT,UNKNOWN_CATEGORY,4588,4,1,5243749,6482067,0.809,BOTTOM_20_PERCENT
P01237,UNKNOWN_PRODUCT,UNKNOWN_CATEGORY,4570,5,1,5248319,6482067,0.8097,BOTTOM_20_PERCENT
P00036,UNKNOWN_PRODUCT,UNKNOWN_CATEGORY,4567,9,2,5252886,6482067,0.8104,BOTTOM_20_PERCENT
P01137,UNKNOWN_PRODUCT,UNKNOWN_CATEGORY,4564,4,1,5257450,6482067,0.8111,BOTTOM_20_PERCENT
P00110,UNKNOWN_PRODUCT,UNKNOWN_CATEGORY,4560,6,2,5262010,6482067,0.8118,BOTTOM_20_PERCENT
P00557,UNKNOWN_PRODUCT,UNKNOWN_CATEGORY,4506,6,2,5266516,6482067,0.8125,BOTTOM_20_PERCENT
P00229,UNKNOWN_PRODUCT,UNKNOWN_CATEGORY,4501,10,3,5271017,6482067,0.8132,BOTTOM_20_PERCENT
P00120,UNKNOWN_PRODUCT,UNKNOWN_CATEGORY,4500,3,1,5275517,6482067,0.8139,BOTTOM_20_PERCENT
P01424,UNKNOWN_PRODUCT,UNKNOWN_CATEGORY,4464,3,1,5279981,6482067,0.8146,BOTTOM_20_PERCENT
P01306,UNKNOWN_PRODUCT,UNKNOWN_CATEGORY,4447,5,2,5284428,6482067,0.8152,BOTTOM_20_PERCENT
P01399,UNKNOWN_PRODUCT,UNKNOWN_CATEGORY,4416,6,2,5288844,6482067,0.8159,BOTTOM_20_PERCENT
P00062,UNKNOWN_PRODUCT,UNKNOWN_CATEGORY,4413,3,1,5293257,6482067,0.8166,BOTTOM_20_PERCENT
P00385,UNKNOWN_PRODUCT,UNKNOWN_CATEGORY,4404,3,2,5297661,6482067,0.8173,BOTTOM_20_PERCENT
P00699,UNKNOWN_PRODUCT,UNKNOWN_CATEGORY,4398,3,1,5302059,6482067,0.818,BOTTOM_20_PERCENT
P00752,UNKNOWN_PRODUCT,UNKNOWN_CATEGORY,4386,5,2,5306445,6482067,0.8186,BOTTOM_20_PERCENT
P01316,UNKNOWN_PRODUCT,UNKNOWN_CATEGORY,4385,5,1,5310830,6482067,0.8193,BOTTOM_20_PERCENT
P01043,UNKNOWN_PRODUCT,UNKNOWN_CATEGORY,4380,3,1,5315210,6482067,0.82,BOTTOM_20_PERCENT
P01418,Product_1418,manicure,4367,7,2,5319577,6482067,0.8207,BOTTOM_20_PERCENT
P00636,UNKNOWN_PRODUCT,UNKNOWN_CATEGORY,4360,5,1,5323937,6482067,0.8213,BOTTOM_20_PERCENT
P00104,Product_104,manicure,4359,3,1,5328296,6482067,0.822,BOTTOM_20_PERCENT
P00802,UNKNOWN_PRODUCT,UNKNOWN_CATEGORY,4357,5,2,5332653,6482067,0.8227,BOTTOM_20_PERCENT
P01295,UNKNOWN_PRODUCT,UNKNOWN_CATEGORY,4332,3,1,5336985,6482067,0.8233,BOTTOM_20_PERCENT
P00747,Product_747,manicure,4328,8,2,5341313,6482067,0.824,BOTTOM_20_PERCENT
P00319,UNKNOWN_PRODUCT,UNKNOWN_CATEGORY,4320,3,1,5349953,6482067,0.8253,BOTTOM_20_PERCENT
P00158,UNKNOWN_PRODUCT,UNKNOWN_CATEGORY,4320,4,1,5349953,6482067,0.8253,BOTTOM_20_PERCENT
P01282,Product_1282,manicure,4314,5,2,5354267,6482067,0.826,BOTTOM_20_PERCENT
P00883,UNKNOWN_PRODUCT,UNKNOWN_CATEGORY,4307,7,3,5358574,6482067,0.8267,BOTTOM_20_PERCENT
P00874,Product_874,tools,4304,4,1,5362878,6482067,0.8273,BOTTOM_20_PERCENT
P01165,UNKNOWN_PRODUCT,UNKNOWN_CATEGORY,4278,3,1,5367156,6482067,0.828,BOTTOM_20_PERCENT
P00089,UNKNOWN_PRODUCT,UNKNOWN_CATEGORY,4263,4,2,5371419,6482067,0.8287,BOTTOM_20_PERCENT
P01365,Product_1365,manicure,4248,4,1,5375667,6482067,0.8293,BOTTOM_20_PERCENT
P01067,UNKNOWN_PRODUCT,UNKNOWN_CATEGORY,4241,8,3,5379908,6482067,0.83,BOTTOM_20_PERCENT
P00341,UNKNOWN_PRODUCT,UNKNOWN_CATEGORY,4236,4,1,5384144,6482067,0.8306,BOTTOM_20_PERCENT
P00479,Product_479,manicure,4233,3,1,5388377,6482067,0.8313,BOTTOM_20_PERCENT
P00720,UNKNOWN_PRODUCT,UNKNOWN_CATEGORY,4220,5,1,5396817,6482067,0.8326,BOTTOM_20_PERCENT
P01161,UNKNOWN_PRODUCT,UNKNOWN_CATEGORY,4220,5,1,5396817,6482067,0.8326,BOTTOM_20_PERCENT
P00521,Product_521,manicure,4202,5,2,5401019,6482067,0.8332,BOTTOM_20_PERCENT
P00907,Product_907,pedicure,4166,6,2,5405185,6482067,0.8339,BOTTOM_20_PERCENT
P01407,Product_1407,manicure,4165,8,2,5409350,6482067,0.8345,BOTTOM_20_PERCENT
P00248,UNKNOWN_PRODUCT,UNKNOWN_CATEGORY,4145,8,2,5413495,6482067,0.8351,BOTTOM_20_PERCENT
P00156,UNKNOWN_PRODUCT,UNKNOWN_CATEGORY,4143,3,1,5417638,6482067,0.8358,BOTTOM_20_PERCENT
P01392,Product_1392,tools,4126,5,2,5421764,6482067,0.8364,BOTTOM_20_PERCENT
P00451,Product_451,pedicure,4116,3,1,5425880,6482067,0.8371,BOTTOM_20_PERCENT
P00976,Product_976,pedicure,4108,6,2,5429988,6482067,0.8377,BOTTOM_20_PERCENT
P00732,UNKNOWN_PRODUCT,UNKNOWN_CATEGORY,4104,4,1,5434092,6482067,0.8383,BOTTOM_20_PERCENT
P01474,Product_1474,manicure,4092,3,1,5438184,6482067,0.839,BOTTOM_20_PERCENT
P00793,UNKNOWN_PRODUCT,UNKNOWN_CATEGORY,4074,10,4,5446332,6482067,0.8402,BOTTOM_20_PERCENT
P01048,UNKNOWN_PRODUCT,UNKNOWN_CATEGORY,4074,3,1,5446332,6482067,0.8402,BOTTOM_20_PERCENT
P00994,UNKNOWN_PRODUCT,UNKNOWN_CATEGORY,4013,6,3,5450345,6482067,0.8408,BOTTOM_20_PERCENT
P00015,UNKNOWN_PRODUCT,UNKNOWN_CATEGORY,4002,6,2,5454347,6482067,0.8415,BOTTOM_20_PERCENT
P00882,Product_882,pedicure,4001,5,2,5458348,6482067,0.8421,BOTTOM_20_PERCENT
P00336,UNKNOWN_PRODUCT,UNKNOWN_CATEGORY,4000,4,1,5462348,6482067,0.8427,BOTTOM_20_PERCENT
P00124,UNKNOWN_PRODUCT,UNKNOWN_CATEGORY,3991,4,2,5466339,6482067,0.8433,BOTTOM_20_PERCENT
P00898,Product_898,tools,3978,3,1,5470317,6482067,0.8439,BOTTOM_20_PERCENT
P00837,UNKNOWN_PRODUCT,UNKNOWN_CATEGORY,3972,3,1,5474289,6482067,0.8445,BOTTOM_20_PERCENT
P00940,UNKNOWN_PRODUCT,UNKNOWN_CATEGORY,3948,3,1,5478237,6482067,0.8451,BOTTOM_20_PERCENT
P00676,UNKNOWN_PRODUCT,UNKNOWN_CATEGORY,3942,3,1,5482179,6482067,0.8457,BOTTOM_20_PERCENT
P00348,UNKNOWN_PRODUCT,UNKNOWN_CATEGORY,3941,9,2,5486120,6482067,0.8464,BOTTOM_20_PERCENT
P00472,UNKNOWN_PRODUCT,UNKNOWN_CATEGORY,3940,7,2,5490060,6482067,0.847,BOTTOM_20_PERCENT
P00603,UNKNOWN_PRODUCT,UNKNOWN_CATEGORY,3936,6,2,5493996,6482067,0.8476,BOTTOM_20_PERCENT
P00353,UNKNOWN_PRODUCT,UNKNOWN_CATEGORY,3921,3,1,5497917,6482067,0.8482,BOTTOM_20_PERCENT
P01482,UNKNOWN_PRODUCT,UNKNOWN_CATEGORY,3915,5,1,5501832,6482067,0.8488,BOTTOM_20_PERCENT
P01242,Product_1242,tools,3905,5,1,5505737,6482067,0.8494,BOTTOM_20_PERCENT
P00094,UNKNOWN_PRODUCT,UNKNOWN_CATEGORY,3878,4,2,5509615,6482067,0.85,BOTTOM_20_PERCENT
P01141,UNKNOWN_PRODUCT,UNKNOWN_CATEGORY,3872,9,3,5513487,6482067,0.8506,BOTTOM_20_PERCENT
P00881,Product_881,manicure,3868,4,1,5517355,6482067,0.8512,BOTTOM_20_PERCENT
P00439,UNKNOWN_PRODUCT,UNKNOWN_CATEGORY,3862,6,2,5521217,6482067,0.8518,BOTTOM_20_PERCENT
P01199,Product_1199,manicure,3858,3,1,5525075,6482067,0.8524,BOTTOM_20_PERCENT
P00722,UNKNOWN_PRODUCT,UNKNOWN_CATEGORY,3840,6,2,5528915,6482067,0.853,BOTTOM_20_PERCENT
P01071,UNKNOWN_PRODUCT,UNKNOWN_CATEGORY,3832,4,1,5532747,6482067,0.8535,BOTTOM_20_PERCENT
P00910,Product_910,tools,3830,3,2,5536577,6482067,0.8541,BOTTOM_20_PERCENT
P01019,UNKNOWN_PRODUCT,UNKNOWN_CATEGORY,3822,4,2,5540399,6482067,0.8547,BOTTOM_20_PERCENT
P00154,UNKNOWN_PRODUCT,UNKNOWN_CATEGORY,3812,5,2,5544211,6482067,0.8553,BOTTOM_20_PERCENT
P01333,UNKNOWN_PRODUCT,UNKNOWN_CATEGORY,3808,12,3,5548019,6482067,0.8559,BOTTOM_20_PERCENT
P00678,Product_678,pedicure,3765,3,1,5551784,6482067,0.8565,BOTTOM_20_PERCENT
P00932,UNKNOWN_PRODUCT,UNKNOWN_CATEGORY,3762,3,1,5555546,6482067,0.8571,BOTTOM_20_PERCENT
P00644,Product_644,tools,3750,4,2,5559296,6482067,0.8576,BOTTOM_20_PERCENT
P00121,UNKNOWN_PRODUCT,UNKNOWN_CATEGORY,3735,5,2,5563031,6482067,0.8582,BOTTOM_20_PERCENT
P00149,UNKNOWN_PRODUCT,UNKNOWN_CATEGORY,3720,5,1,5566751,6482067,0.8588,BOTTOM_20_PERCENT
P00546,Product_546,manicure,3714,3,1,5570465,6482067,0.8594,BOTTOM_20_PERCENT
P00536,Product_536,manicure,3711,3,1,5574176,6482067,0.8599,BOTTOM_20_PERCENT
P00315,UNKNOWN_PRODUCT,UNKNOWN_CATEGORY,3704,4,1,5577880,6482067,0.8605,BOTTOM_20_PERCENT
P01291,UNKNOWN_PRODUCT,UNKNOWN_CATEGORY,3702,3,1,5581582,6482067,0.8611,BOTTOM_20_PERCENT
P00665,UNKNOWN_PRODUCT,UNKNOWN_CATEGORY,3696,3,1,5585278,6482067,0.8617,BOTTOM_20_PERCENT
P01478,UNKNOWN_PRODUCT,UNKNOWN_CATEGORY,3684,6,2,5588962,6482067,0.8622,BOTTOM_20_PERCENT
P00508,UNKNOWN_PRODUCT,UNKNOWN_CATEGORY,3654,4,2,5592616,6482067,0.8628,BOTTOM_20_PERCENT
P00761,UNKNOWN_PRODUCT,UNKNOWN_CATEGORY,3642,3,2,5599900,6482067,0.8639,BOTTOM_20_PERCENT
P00498,UNKNOWN_PRODUCT,UNKNOWN_CATEGORY,3642,6,3,5599900,6482067,0.8639,BOTTOM_20_PERCENT
P00772,UNKNOWN_PRODUCT,UNKNOWN_CATEGORY,3600,4,1,5603500,6482067,0.8645,BOTTOM_20_PERCENT
P00214,UNKNOWN_PRODUCT,UNKNOWN_CATEGORY,3596,6,2,5607096,6482067,0.865,BOTTOM_20_PERCENT
P01103,UNKNOWN_PRODUCT,UNKNOWN_CATEGORY,3594,3,1,5610690,6482067,0.8656,BOTTOM_20_PERCENT
P00953,UNKNOWN_PRODUCT,UNKNOWN_CATEGORY,3591,3,1,5614281,6482067,0.8661,BOTTOM_20_PERCENT
P00045,Product_45,pedicure,3588,3,1,5617869,6482067,0.8667,BOTTOM_20_PERCENT
P00759,UNKNOWN_PRODUCT,UNKNOWN_CATEGORY,3580,4,1,5625029,6482067,0.8678,BOTTOM_20_PERCENT
P01439,UNKNOWN_PRODUCT,UNKNOWN_CATEGORY,3580,9,2,5625029,6482067,0.8678,BOTTOM_20_PERCENT
P01219,UNKNOWN_PRODUCT,UNKNOWN_CATEGORY,3571,3,2,5628600,6482067,0.8683,BOTTOM_20_PERCENT
P01034,UNKNOWN_PRODUCT,UNKNOWN_CATEGORY,3549,3,1,5632149,6482067,0.8689,BOTTOM_20_PERCENT
P01388,Product_1388,manicure,3544,6,2,5635693,6482067,0.8694,BOTTOM_20_PERCENT
P00178,UNKNOWN_PRODUCT,UNKNOWN_CATEGORY,3530,5,1,5639223,6482067,0.87,BOTTOM_20_PERCENT
P00878,UNKNOWN_PRODUCT,UNKNOWN_CATEGORY,3504,4,1,5642727,6482067,0.8705,BOTTOM_20_PERCENT
P00700,Product_700,pedicure,3480,4,1,5649687,6482067,0.8716,BOTTOM_20_PERCENT
P01395,UNKNOWN_PRODUCT,UNKNOWN_CATEGORY,3480,4,2,5649687,6482067,0.8716,BOTTOM_20_PERCENT
P01051,UNKNOWN_PRODUCT,UNKNOWN_CATEGORY,3472,6,2,5653159,6482067,0.8721,BOTTOM_20_PERCENT
P00152,UNKNOWN_PRODUCT,UNKNOWN_CATEGORY,3468,4,1,5656627,6482067,0.8727,BOTTOM_20_PERCENT
P01487,Product_1487,pedicure,3462,3,1,5660089,6482067,0.8732,BOTTOM_20_PERCENT
P01037,UNKNOWN_PRODUCT,UNKNOWN_CATEGORY,3426,3,1,5663515,6482067,0.8737,BOTTOM_20_PERCENT
P01105,UNKNOWN_PRODUCT,UNKNOWN_CATEGORY,3401,6,2,5666916,6482067,0.8742,BOTTOM_20_PERCENT
P01158,UNKNOWN_PRODUCT,UNKNOWN_CATEGORY,3386,10,3,5670302,6482067,0.8748,BOTTOM_20_PERCENT
P00471,UNKNOWN_PRODUCT,UNKNOWN_CATEGORY,3366,6,3,5673668,6482067,0.8753,BOTTOM_20_PERCENT
P01254,Product_1254,pedicure,3361,8,2,5677029,6482067,0.8758,BOTTOM_20_PERCENT
P00420,Product_420,pedicure,3354,4,2,5680383,6482067,0.8763,BOTTOM_20_PERCENT
P01267,UNKNOWN_PRODUCT,UNKNOWN_CATEGORY,3350,7,2,5683733,6482067,0.8768,BOTTOM_20_PERCENT
P00179,UNKNOWN_PRODUCT,UNKNOWN_CATEGORY,3328,3,2,5687061,6482067,0.8774,BOTTOM_20_PERCENT
P00363,UNKNOWN_PRODUCT,UNKNOWN_CATEGORY,3315,3,1,5690376,6482067,0.8779,BOTTOM_20_PERCENT
P00006,UNKNOWN_PRODUCT,UNKNOWN_CATEGORY,3313,4,3,5693689,6482067,0.8784,BOTTOM_20_PERCENT
P00205,UNKNOWN_PRODUCT,UNKNOWN_CATEGORY,3304,8,2,5696993,6482067,0.8789,BOTTOM_20_PERCENT
P01214,Product_1214,tools,3303,3,1,5700296,6482067,0.8794,BOTTOM_20_PERCENT
P00684,UNKNOWN_PRODUCT,UNKNOWN_CATEGORY,3302,5,2,5703598,6482067,0.8799,BOTTOM_20_PERCENT
P01202,UNKNOWN_PRODUCT,UNKNOWN_CATEGORY,3296,4,1,5706894,6482067,0.8804,BOTTOM_20_PERCENT
P00231,UNKNOWN_PRODUCT,UNKNOWN_CATEGORY,3276,3,1,5710170,6482067,0.8809,BOTTOM_20_PERCENT
P00138,UNKNOWN_PRODUCT,UNKNOWN_CATEGORY,3274,3,2,5713444,6482067,0.8814,BOTTOM_20_PERCENT
P00190,UNKNOWN_PRODUCT,UNKNOWN_CATEGORY,3264,3,1,5716708,6482067,0.8819,BOTTOM_20_PERCENT
P00021,UNKNOWN_PRODUCT,UNKNOWN_CATEGORY,3244,3,2,5719952,6482067,0.8824,BOTTOM_20_PERCENT
P00225,UNKNOWN_PRODUCT,UNKNOWN_CATEGORY,3231,6,2,5723183,6482067,0.8829,BOTTOM_20_PERCENT
P00422,UNKNOWN_PRODUCT,UNKNOWN_CATEGORY,3230,5,1,5726413,6482067,0.8834,BOTTOM_20_PERCENT
P01129,UNKNOWN_PRODUCT,UNKNOWN_CATEGORY,3200,4,1,5732813,6482067,0.8844,BOTTOM_20_PERCENT
P00145,UNKNOWN_PRODUCT,UNKNOWN_CATEGORY,3200,3,3,5732813,6482067,0.8844,BOTTOM_20_PERCENT
P01135,UNKNOWN_PRODUCT,UNKNOWN_CATEGORY,3190,5,1,5736003,6482067,0.8849,BOTTOM_20_PERCENT
P00423,UNKNOWN_PRODUCT,UNKNOWN_CATEGORY,3180,3,1,5739183,6482067,0.8854,BOTTOM_20_PERCENT
P00044,Product_44,tools,3175,5,1,5742358,6482067,0.8859,BOTTOM_20_PERCENT
P00943,Product_943,tools,3168,4,1,5745526,6482067,0.8864,BOTTOM_20_PERCENT
P00711,UNKNOWN_PRODUCT,UNKNOWN_CATEGORY,3145,5,2,5748671,6482067,0.8869,BOTTOM_20_PERCENT
P00130,UNKNOWN_PRODUCT,UNKNOWN_CATEGORY,3142,6,2,5751813,6482067,0.8873,BOTTOM_20_PERCENT
P01270,UNKNOWN_PRODUCT,UNKNOWN_CATEGORY,3141,5,2,5754954,6482067,0.8878,BOTTOM_20_PERCENT
P00868,UNKNOWN_PRODUCT,UNKNOWN_CATEGORY,3140,5,1,5758094,6482067,0.8883,BOTTOM_20_PERCENT
P01381,UNKNOWN_PRODUCT,UNKNOWN_CATEGORY,3138,6,2,5761232,6482067,0.8888,BOTTOM_20_PERCENT
P00203,UNKNOWN_PRODUCT,UNKNOWN_CATEGORY,3130,5,1,5764362,6482067,0.8893,BOTTOM_20_PERCENT
P00929,Product_929,pedicure,3120,5,1,5767482,6482067,0.8898,BOTTOM_20_PERCENT
P00349,UNKNOWN_PRODUCT,UNKNOWN_CATEGORY,3110,5,2,5770592,6482067,0.8902,BOTTOM_20_PERCENT
P00556,UNKNOWN_PRODUCT,UNKNOWN_CATEGORY,3105,3,1,5773697,6482067,0.8907,BOTTOM_20_PERCENT
P00743,UNKNOWN_PRODUCT,UNKNOWN_CATEGORY,3091,4,3,5776788,6482067,0.8912,BOTTOM_20_PERCENT
P01460,UNKNOWN_PRODUCT,UNKNOWN_CATEGORY,3080,4,1,5779868,6482067,0.8917,BOTTOM_20_PERCENT
P00529,Product_529,pedicure,3067,5,2,5782935,6482067,0.8921,BOTTOM_20_PERCENT
P00142,UNKNOWN_PRODUCT,UNKNOWN_CATEGORY,3056,7,2,5785991,6482067,0.8926,BOTTOM_20_PERCENT
P00597,UNKNOWN_PRODUCT,UNKNOWN_CATEGORY,3052,6,2,5789043,6482067,0.8931,BOTTOM_20_PERCENT
P00342,UNKNOWN_PRODUCT,UNKNOWN_CATEGORY,3024,4,1,5792067,6482067,0.8936,BOTTOM_20_PERCENT
P00370,UNKNOWN_PRODUCT,UNKNOWN_CATEGORY,3018,7,2,5795085,6482067,0.894,BOTTOM_20_PERCENT
P00100,UNKNOWN_PRODUCT,UNKNOWN_CATEGORY,3009,4,2,5798094,6482067,0.8945,BOTTOM_20_PERCENT
P01448,Product_1448,manicure,3003,3,1,5801097,6482067,0.8949,BOTTOM_20_PERCENT
P01313,UNKNOWN_PRODUCT,UNKNOWN_CATEGORY,3000,2,1,5804097,6482067,0.8954,BOTTOM_20_PERCENT
P00982,Product_982,tools,2985,5,2,5810067,6482067,0.8963,BOTTOM_20_PERCENT
P01092,UNKNOWN_PRODUCT,UNKNOWN_CATEGORY,2985,5,2,5810067,6482067,0.8963,BOTTOM_20_PERCENT
P01074,Product_1074,pedicure,2978,5,2,5813045,6482067,0.8968,BOTTOM_20_PERCENT
P01095,UNKNOWN_PRODUCT,UNKNOWN_CATEGORY,2967,4,2,5816012,6482067,0.8972,BOTTOM_20_PERCENT
P00801,Product_801,manicure,2965,5,1,5818977,6482067,0.8977,BOTTOM_20_PERCENT
P00639,UNKNOWN_PRODUCT,UNKNOWN_CATEGORY,2960,4,1,5821937,6482067,0.8982,BOTTOM_20_PERCENT
P00771,UNKNOWN_PRODUCT,UNKNOWN_CATEGORY,2958,2,1,5824895,6482067,0.8986,BOTTOM_20_PERCENT
P00264,UNKNOWN_PRODUCT,UNKNOWN_CATEGORY,2956,2,1,5827851,6482067,0.8991,BOTTOM_20_PERCENT
P00631,UNKNOWN_PRODUCT,UNKNOWN_CATEGORY,2925,5,1,5830776,6482067,0.8995,BOTTOM_20_PERCENT
P00495,UNKNOWN_PRODUCT,UNKNOWN_CATEGORY,2920,2,1,5833696,6482067,0.9,BOTTOM_20_PERCENT
P00567,Product_567,pedicure,2919,3,1,5836615,6482067,0.9004,BOTTOM_20_PERCENT
P01120,UNKNOWN_PRODUCT,UNKNOWN_CATEGORY,2905,3,2,5839520,6482067,0.9009,BOTTOM_20_PERCENT
P01053,Product_1053,pedicure,2896,4,1,5842416,6482067,0.9013,BOTTOM_20_PERCENT
P00414,UNKNOWN_PRODUCT,UNKNOWN_CATEGORY,2886,2,1,5845302,6482067,0.9018,BOTTOM_20_PERCENT
P01326,UNKNOWN_PRODUCT,UNKNOWN_CATEGORY,2884,4,1,5848186,6482067,0.9022,BOTTOM_20_PERCENT
P00691,UNKNOWN_PRODUCT,UNKNOWN_CATEGORY,2874,2,1,5853934,6482067,0.9031,BOTTOM_20_PERCENT
P00227,Product_227,pedicure,2874,2,1,5853934,6482067,0.9031,BOTTOM_20_PERCENT
P01024,UNKNOWN_PRODUCT,UNKNOWN_CATEGORY,2868,3,1,5856802,6482067,0.9035,BOTTOM_20_PERCENT
P01412,UNKNOWN_PRODUCT,UNKNOWN_CATEGORY,2860,4,1,5859662,6482067,0.904,BOTTOM_20_PERCENT
P00978,UNKNOWN_PRODUCT,UNKNOWN_CATEGORY,2850,2,1,5862512,6482067,0.9044,BOTTOM_20_PERCENT
P00467,UNKNOWN_PRODUCT,UNKNOWN_CATEGORY,2836,2,1,5865348,6482067,0.9049,BOTTOM_20_PERCENT
P01314,UNKNOWN_PRODUCT,UNKNOWN_CATEGORY,2832,3,1,5868180,6482067,0.9053,BOTTOM_20_PERCENT
P01360,Product_1360,tools,2820,4,1,5876640,6482067,0.9066,BOTTOM_20_PERCENT
P00667,UNKNOWN_PRODUCT,UNKNOWN_CATEGORY,2820,4,1,5876640,6482067,0.9066,BOTTOM_20_PERCENT
P00565,UNKNOWN_PRODUCT,UNKNOWN_CATEGORY,2820,6,2,5876640,6482067,0.9066,BOTTOM_20_PERCENT
P00578,UNKNOWN_PRODUCT,UNKNOWN_CATEGORY,2815,10,2,5879455,6482067,0.907,BOTTOM_20_PERCENT
P00944,UNKNOWN_PRODUCT,UNKNOWN_CATEGORY,2812,4,1,5882267,6482067,0.9075,BOTTOM_20_PERCENT
P01266,UNKNOWN_PRODUCT,UNKNOWN_CATEGORY,2810,2,1,5885077,6482067,0.9079,BOTTOM_20_PERCENT
P00634,Product_634,tools,2809,3,2,5887886,6482067,0.9083,BOTTOM_20_PERCENT
P01154,Product_1154,pedicure,2796,3,1,5890682,6482067,0.9088,BOTTOM_20_PERCENT
P00297,UNKNOWN_PRODUCT,UNKNOWN_CATEGORY,2789,2,2,5893471,6482067,0.9092,BOTTOM_20_PERCENT
P00797,UNKNOWN_PRODUCT,UNKNOWN_CATEGORY,2781,2,2,5896252,6482067,0.9096,BOTTOM_20_PERCENT
P00549,UNKNOWN_PRODUCT,UNKNOWN_CATEGORY,2774,2,1,5899026,6482067,0.9101,BOTTOM_20_PERCENT
P00730,UNKNOWN_PRODUCT,UNKNOWN_CATEGORY,2760,4,2,5901786,6482067,0.9105,BOTTOM_20_PERCENT
P00539,UNKNOWN_PRODUCT,UNKNOWN_CATEGORY,2757,4,2,5904543,6482067,0.9109,BOTTOM_20_PERCENT
P00780,UNKNOWN_PRODUCT,UNKNOWN_CATEGORY,2756,4,1,5907299,6482067,0.9113,BOTTOM_20_PERCENT
P00116,UNKNOWN_PRODUCT,UNKNOWN_CATEGORY,2754,3,1,5910053,6482067,0.9118,BOTTOM_20_PERCENT
P00941,UNKNOWN_PRODUCT,UNKNOWN_CATEGORY,2752,7,2,5912805,6482067,0.9122,BOTTOM_20_PERCENT
P00789,UNKNOWN_PRODUCT,UNKNOWN_CATEGORY,2748,4,1,5915553,6482067,0.9126,BOTTOM_20_PERCENT
P01244,UNKNOWN_PRODUCT,UNKNOWN_CATEGORY,2743,3,2,5918296,6482067,0.913,BOTTOM_20_PERCENT
P00842,UNKNOWN_PRODUCT,UNKNOWN_CATEGORY,2740,4,1,5921036,6482067,0.9134,BOTTOM_20_PERCENT
P01312,Product_1312,manicure,2737,5,3,5923773,6482067,0.9139,BOTTOM_20_PERCENT
P00965,UNKNOWN_PRODUCT,UNKNOWN_CATEGORY,2736,3,1,5926509,6482067,0.9143,BOTTOM_20_PERCENT
P00515,UNKNOWN_PRODUCT,UNKNOWN_CATEGORY,2733,3,1,5929242,6482067,0.9147,BOTTOM_20_PERCENT
P00004,UNKNOWN_PRODUCT,UNKNOWN_CATEGORY,2702,2,1,5931944,6482067,0.9151,BOTTOM_20_PERCENT
P00610,UNKNOWN_PRODUCT,UNKNOWN_CATEGORY,2696,9,2,5940032,6482067,0.9164,BOTTOM_20_PERCENT
P01278,Product_1278,pedicure,2696,2,1,5940032,6482067,0.9164,BOTTOM_20_PERCENT
P00642,UNKNOWN_PRODUCT,UNKNOWN_CATEGORY,2696,4,1,5940032,6482067,0.9164,BOTTOM_20_PERCENT
P01056,UNKNOWN_PRODUCT,UNKNOWN_CATEGORY,2692,4,2,5942724,6482067,0.9168,BOTTOM_20_PERCENT
P00035,UNKNOWN_PRODUCT,UNKNOWN_CATEGORY,2676,4,1,5945400,6482067,0.9172,BOTTOM_20_PERCENT
P01449,UNKNOWN_PRODUCT,UNKNOWN_CATEGORY,2668,7,2,5948068,6482067,0.9176,BOTTOM_20_PERCENT
P00986,UNKNOWN_PRODUCT,UNKNOWN_CATEGORY,2656,4,1,5950724,6482067,0.918,BOTTOM_20_PERCENT
P00544,UNKNOWN_PRODUCT,UNKNOWN_CATEGORY,2650,2,1,5953374,6482067,0.9184,BOTTOM_20_PERCENT
P00542,UNKNOWN_PRODUCT,UNKNOWN_CATEGORY,2646,3,1,5956020,6482067,0.9188,BOTTOM_20_PERCENT
P00449,UNKNOWN_PRODUCT,UNKNOWN_CATEGORY,2641,5,2,5958661,6482067,0.9193,BOTTOM_20_PERCENT
P01348,UNKNOWN_PRODUCT,UNKNOWN_CATEGORY,2635,5,1,5961296,6482067,0.9197,BOTTOM_20_PERCENT
P00947,UNKNOWN_PRODUCT,UNKNOWN_CATEGORY,2628,5,2,5963924,6482067,0.9201,BOTTOM_20_PERCENT
P01259,UNKNOWN_PRODUCT,UNKNOWN_CATEGORY,2625,5,1,5966549,6482067,0.9205,BOTTOM_20_PERCENT
P00199,UNKNOWN_PRODUCT,UNKNOWN_CATEGORY,2622,2,1,5969171,6482067,0.9209,BOTTOM_20_PERCENT
P00873,UNKNOWN_PRODUCT,UNKNOWN_CATEGORY,2590,7,2,5971761,6482067,0.9213,BOTTOM_20_PERCENT
P00223,UNKNOWN_PRODUCT,UNKNOWN_CATEGORY,2585,5,1,5974346,6482067,0.9217,BOTTOM_20_PERCENT
P00633,UNKNOWN_PRODUCT,UNKNOWN_CATEGORY,2584,2,1,5976930,6482067,0.9221,BOTTOM_20_PERCENT
P00774,Product_774,manicure,2562,3,1,5979492,6482067,0.9225,BOTTOM_20_PERCENT
P00243,Product_243,tools,2560,4,1,5982052,6482067,0.9229,BOTTOM_20_PERCENT
P01349,UNKNOWN_PRODUCT,UNKNOWN_CATEGORY,2556,4,1,5987164,6482067,0.9237,BOTTOM_20_PERCENT
P00318,UNKNOWN_PRODUCT,UNKNOWN_CATEGORY,2556,3,1,5987164,6482067,0.9237,BOTTOM_20_PERCENT
P00392,UNKNOWN_PRODUCT,UNKNOWN_CATEGORY,2544,2,1,5989708,6482067,0.924,BOTTOM_20_PERCENT
P00247,UNKNOWN_PRODUCT,UNKNOWN_CATEGORY,2540,4,1,5992248,6482067,0.9244,BOTTOM_20_PERCENT
P01075,Product_1075,pedicure,2536,2,1,5997320,6482067,0.9252,BOTTOM_20_PERCENT
P01195,UNKNOWN_PRODUCT,UNKNOWN_CATEGORY,2536,7,2,5997320,6482067,0.9252,BOTTOM_20_PERCENT
P00918,Product_918,manicure,2535,6,3,5999855,6482067,0.9256,BOTTOM_20_PERCENT
P00478,Product_478,manicure,2528,2,1,6002383,6482067,0.926,BOTTOM_20_PERCENT
P00950,UNKNOWN_PRODUCT,UNKNOWN_CATEGORY,2526,3,1,6004909,6482067,0.9264,BOTTOM_20_PERCENT
P01189,Product_1189,manicure,2518,2,1,6007427,6482067,0.9268,BOTTOM_20_PERCENT
P01191,UNKNOWN_PRODUCT,UNKNOWN_CATEGORY,2505,2,2,6009932,6482067,0.9272,BOTTOM_20_PERCENT
P00183,UNKNOWN_PRODUCT,UNKNOWN_CATEGORY,2504,2,1,6012436,6482067,0.9275,BOTTOM_20_PERCENT
P01351,UNKNOWN_PRODUCT,UNKNOWN_CATEGORY,2500,2,1,6014936,6482067,0.9279,BOTTOM_20_PERCENT
P01261,UNKNOWN_PRODUCT,UNKNOWN_CATEGORY,2499,3,1,6017435,6482067,0.9283,BOTTOM_20_PERCENT
P00505,UNKNOWN_PRODUCT,UNKNOWN_CATEGORY,2494,2,1,6019929,6482067,0.9287,BOTTOM_20_PERCENT
P01087,UNKNOWN_PRODUCT,UNKNOWN_CATEGORY,2490,5,2,6022419,6482067,0.9291,BOTTOM_20_PERCENT
P00980,UNKNOWN_PRODUCT,UNKNOWN_CATEGORY,2480,2,1,6024899,6482067,0.9295,BOTTOM_20_PERCENT
P00202,UNKNOWN_PRODUCT,UNKNOWN_CATEGORY,2470,2,1,6027369,6482067,0.9299,BOTTOM_20_PERCENT
P00281,UNKNOWN_PRODUCT,UNKNOWN_CATEGORY,2453,8,2,6029822,6482067,0.9302,BOTTOM_20_PERCENT
P01479,UNKNOWN_PRODUCT,UNKNOWN_CATEGORY,2440,5,1,6032262,6482067,0.9306,BOTTOM_20_PERCENT
P00957,UNKNOWN_PRODUCT,UNKNOWN_CATEGORY,2438,2,1,6034700,6482067,0.931,BOTTOM_20_PERCENT
P00587,UNKNOWN_PRODUCT,UNKNOWN_CATEGORY,2433,5,2,6037133,6482067,0.9314,BOTTOM_20_PERCENT
P01148,UNKNOWN_PRODUCT,UNKNOWN_CATEGORY,2429,7,2,6039562,6482067,0.9317,BOTTOM_20_PERCENT
P00337,Product_337,manicure,2414,2,1,6041976,6482067,0.9321,BOTTOM_20_PERCENT
P00080,UNKNOWN_PRODUCT,UNKNOWN_CATEGORY,2412,3,1,6044388,6482067,0.9325,BOTTOM_20_PERCENT
P00968,Product_968,manicure,2410,2,1,6046798,6482067,0.9329,BOTTOM_20_PERCENT
P00908,UNKNOWN_PRODUCT,UNKNOWN_CATEGORY,2409,3,1,6049207,6482067,0.9332,BOTTOM_20_PERCENT
P00776,Product_776,pedicure,2391,3,1,6051598,6482067,0.9336,BOTTOM_20_PERCENT
P00246,UNKNOWN_PRODUCT,UNKNOWN_CATEGORY,2384,2,1,6053982,6482067,0.934,BOTTOM_20_PERCENT
P01437,UNKNOWN_PRODUCT,UNKNOWN_CATEGORY,2380,2,1,6058742,6482067,0.9347,BOTTOM_20_PERCENT
P00038,UNKNOWN_PRODUCT,UNKNOWN_CATEGORY,2380,5,1,6058742,6482067,0.9347,BOTTOM_20_PERCENT
P00651,UNKNOWN_PRODUCT,UNKNOWN_CATEGORY,2375,10,2,6061117,6482067,0.9351,BOTTOM_20_PERCENT
P00270,UNKNOWN_PRODUCT,UNKNOWN_CATEGORY,2374,2,1,6063491,6482067,0.9354,BOTTOM_20_PERCENT
P00876,UNKNOWN_PRODUCT,UNKNOWN_CATEGORY,2355,3,1,6065846,6482067,0.9358,BOTTOM_20_PERCENT
P00395,UNKNOWN_PRODUCT,UNKNOWN_CATEGORY,2352,4,1,6068198,6482067,0.9362,BOTTOM_20_PERCENT
P00321,UNKNOWN_PRODUCT,UNKNOWN_CATEGORY,2350,2,1,6072898,6482067,0.9369,BOTTOM_20_PERCENT
P00514,Product_514,pedicure,2350,4,2,6072898,6482067,0.9369,BOTTOM_20_PERCENT
P00915,UNKNOWN_PRODUCT,UNKNOWN_CATEGORY,2349,3,2,6075247,6482067,0.9372,BOTTOM_20_PERCENT
P00144,UNKNOWN_PRODUCT,UNKNOWN_CATEGORY,2345,5,1,6077592,6482067,0.9376,BOTTOM_20_PERCENT
P00309,UNKNOWN_PRODUCT,UNKNOWN_CATEGORY,2342,2,1,6079934,6482067,0.938,BOTTOM_20_PERCENT
P01217,UNKNOWN_PRODUCT,UNKNOWN_CATEGORY,2336,4,1,6082270,6482067,0.9383,BOTTOM_20_PERCENT
P00172,UNKNOWN_PRODUCT,UNKNOWN_CATEGORY,2316,3,2,6084586,6482067,0.9387,BOTTOM_20_PERCENT
P00601,UNKNOWN_PRODUCT,UNKNOWN_CATEGORY,2308,4,1,6086894,6482067,0.939,BOTTOM_20_PERCENT
P00447,Product_447,manicure,2304,4,1,6089198,6482067,0.9394,BOTTOM_20_PERCENT
P00778,UNKNOWN_PRODUCT,UNKNOWN_CATEGORY,2292,3,1,6091490,6482067,0.9397,BOTTOM_20_PERCENT
P00141,Product_141,pedicure,2270,5,1,6093760,6482067,0.9401,BOTTOM_20_PERCENT
P01311,Product_1311,pedicure,2264,4,1,6096024,6482067,0.9404,BOTTOM_20_PERCENT
P00494,UNKNOWN_PRODUCT,UNKNOWN_CATEGORY,2262,2,1,6100548,6482067,0.9411,BOTTOM_20_PERCENT
P01081,UNKNOWN_PRODUCT,UNKNOWN_CATEGORY,2262,2,1,6100548,6482067,0.9411,BOTTOM_20_PERCENT
P01184,UNKNOWN_PRODUCT,UNKNOWN_CATEGORY,2256,4,2,6102804,6482067,0.9415,BOTTOM_20_PERCENT
P01190,UNKNOWN_PRODUCT,UNKNOWN_CATEGORY,2255,5,1,6105059,6482067,0.9418,BOTTOM_20_PERCENT
P00853,UNKNOWN_PRODUCT,UNKNOWN_CATEGORY,2244,3,1,6107303,6482067,0.9422,BOTTOM_20_PERCENT
P00465,UNKNOWN_PRODUCT,UNKNOWN_CATEGORY,2230,5,2,6109533,6482067,0.9425,BOTTOM_20_PERCENT
P01015,UNKNOWN_PRODUCT,UNKNOWN_CATEGORY,2228,2,1,6111761,6482067,0.9429,BOTTOM_20_PERCENT
P00504,Product_504,tools,2227,2,2,6113988,6482067,0.9432,BOTTOM_20_PERCENT
P00937,UNKNOWN_PRODUCT,UNKNOWN_CATEGORY,2204,4,1,6116192,6482067,0.9436,BOTTOM_20_PERCENT
P00869,UNKNOWN_PRODUCT,UNKNOWN_CATEGORY,2202,2,1,6118394,6482067,0.9439,BOTTOM_20_PERCENT
P00894,UNKNOWN_PRODUCT,UNKNOWN_CATEGORY,2196,4,1,6120590,6482067,0.9442,BOTTOM_20_PERCENT
P00209,UNKNOWN_PRODUCT,UNKNOWN_CATEGORY,2194,2,1,6122784,6482067,0.9446,BOTTOM_20_PERCENT
P01098,UNKNOWN_PRODUCT,UNKNOWN_CATEGORY,2187,3,1,6124971,6482067,0.9449,BOTTOM_20_PERCENT
P00550,UNKNOWN_PRODUCT,UNKNOWN_CATEGORY,2185,3,2,6127156,6482067,0.9452,BOTTOM_20_PERCENT
P00533,UNKNOWN_PRODUCT,UNKNOWN_CATEGORY,2176,2,1,6129332,6482067,0.9456,BOTTOM_20_PERCENT
P00621,UNKNOWN_PRODUCT,UNKNOWN_CATEGORY,2138,5,2,6131470,6482067,0.9459,BOTTOM_20_PERCENT
P00074,UNKNOWN_PRODUCT,UNKNOWN_CATEGORY,2130,5,1,6133600,6482067,0.9462,BOTTOM_20_PERCENT
P00327,Product_327,tools,2112,3,1,6135712,6482067,0.9466,BOTTOM_20_PERCENT
P00226,Product_226,tools,2110,5,1,6137822,6482067,0.9469,BOTTOM_20_PERCENT
P01212,UNKNOWN_PRODUCT,UNKNOWN_CATEGORY,2095,3,2,6139917,6482067,0.9472,BOTTOM_20_PERCENT
P00530,UNKNOWN_PRODUCT,UNKNOWN_CATEGORY,2082,2,1,6141999,6482067,0.9475,BOTTOM_20_PERCENT
P00073,UNKNOWN_PRODUCT,UNKNOWN_CATEGORY,2070,5,1,6144069,6482067,0.9479,BOTTOM_20_PERCENT
P00187,UNKNOWN_PRODUCT,UNKNOWN_CATEGORY,2051,4,2,6146120,6482067,0.9482,BOTTOM_20_PERCENT
P01057,UNKNOWN_PRODUCT,UNKNOWN_CATEGORY,2030,5,1,6148150,6482067,0.9485,BOTTOM_20_PERCENT
P00658,Product_658,manicure,2012,3,2,6150162,6482067,0.9488,BOTTOM_20_PERCENT
P00312,UNKNOWN_PRODUCT,UNKNOWN_CATEGORY,1980,3,1,6152142,6482067,0.9491,BOTTOM_20_PERCENT
P00681,UNKNOWN_PRODUCT,UNKNOWN_CATEGORY,1960,4,2,6156062,6482067,0.9497,BOTTOM_20_PERCENT
P00399,Product_399,tools,1960,5,1,6156062,6482067,0.9497,BOTTOM_20_PERCENT
P00162,UNKNOWN_PRODUCT,UNKNOWN_CATEGORY,1958,4,2,6158020,6482067,0.95,BOTTOM_20_PERCENT
P00317,UNKNOWN_PRODUCT,UNKNOWN_CATEGORY,1950,2,1,6161920,6482067,0.9506,BOTTOM_20_PERCENT
P01173,UNKNOWN_PRODUCT,UNKNOWN_CATEGORY,1950,2,1,6161920,6482067,0.9506,BOTTOM_20_PERCENT
P00239,UNKNOWN_PRODUCT,UNKNOWN_CATEGORY,1944,3,1,6163864,6482067,0.9509,BOTTOM_20_PERCENT
P01470,UNKNOWN_PRODUCT,UNKNOWN_CATEGORY,1942,2,1,6165806,6482067,0.9512,BOTTOM_20_PERCENT
P01426,UNKNOWN_PRODUCT,UNKNOWN_CATEGORY,1941,3,2,6167747,6482067,0.9515,BOTTOM_20_PERCENT
P00891,Product_891,tools,1932,3,1,6169679,6482067,0.9518,BOTTOM_20_PERCENT
P00811,UNKNOWN_PRODUCT,UNKNOWN_CATEGORY,1926,3,1,6171605,6482067,0.9521,BOTTOM_20_PERCENT
P00488,UNKNOWN_PRODUCT,UNKNOWN_CATEGORY,1924,4,1,6173529,6482067,0.9524,BOTTOM_20_PERCENT
P00099,UNKNOWN_PRODUCT,UNKNOWN_CATEGORY,1921,3,2,6175450,6482067,0.9527,BOTTOM_20_PERCENT
P00816,UNKNOWN_PRODUCT,UNKNOWN_CATEGORY,1911,3,1,6177361,6482067,0.953,BOTTOM_20_PERCENT
P00443,UNKNOWN_PRODUCT,UNKNOWN_CATEGORY,1908,4,2,6179269,6482067,0.9533,BOTTOM_20_PERCENT
P01394,Product_1394,pedicure,1895,5,1,6181164,6482067,0.9536,BOTTOM_20_PERCENT
P01485,UNKNOWN_PRODUCT,UNKNOWN_CATEGORY,1888,4,1,6183052,6482067,0.9539,BOTTOM_20_PERCENT
P00129,UNKNOWN_PRODUCT,UNKNOWN_CATEGORY,1884,3,1,6184936,6482067,0.9542,BOTTOM_20_PERCENT
P01115,Product_1115,pedicure,1876,2,1,6186812,6482067,0.9545,BOTTOM_20_PERCENT
P00803,UNKNOWN_PRODUCT,UNKNOWN_CATEGORY,1861,7,3,6188673,6482067,0.9547,BOTTOM_20_PERCENT
P00823,UNKNOWN_PRODUCT,UNKNOWN_CATEGORY,1854,2,1,6190527,6482067,0.955,BOTTOM_20_PERCENT
P01336,UNKNOWN_PRODUCT,UNKNOWN_CATEGORY,1851,8,2,6192378,6482067,0.9553,BOTTOM_20_PERCENT
P00403,UNKNOWN_PRODUCT,UNKNOWN_CATEGORY,1840,5,2,6194218,6482067,0.9556,BOTTOM_20_PERCENT
P01423,UNKNOWN_PRODUCT,UNKNOWN_CATEGORY,1838,5,2,6196056,6482067,0.9559,BOTTOM_20_PERCENT
P00424,UNKNOWN_PRODUCT,UNKNOWN_CATEGORY,1810,2,1,6197866,6482067,0.9562,BOTTOM_20_PERCENT
P01320,UNKNOWN_PRODUCT,UNKNOWN_CATEGORY,1801,2,2,6199667,6482067,0.9564,BOTTOM_20_PERCENT
P01367,UNKNOWN_PRODUCT,UNKNOWN_CATEGORY,1798,2,1,6201465,6482067,0.9567,BOTTOM_20_PERCENT
P01405,UNKNOWN_PRODUCT,UNKNOWN_CATEGORY,1796,4,1,6203261,6482067,0.957,BOTTOM_20_PERCENT
P01481,Product_1481,manicure,1793,5,2,6205054,6482067,0.9573,BOTTOM_20_PERCENT
P00794,Product_794,manicure,1776,6,3,6206830,6482067,0.9575,BOTTOM_20_PERCENT
P01358,UNKNOWN_PRODUCT,UNKNOWN_CATEGORY,1772,6,2,6208602,6482067,0.9578,BOTTOM_20_PERCENT
P01185,UNKNOWN_PRODUCT,UNKNOWN_CATEGORY,1765,3,2,6210367,6482067,0.9581,BOTTOM_20_PERCENT
P00804,UNKNOWN_PRODUCT,UNKNOWN_CATEGORY,1758,3,1,6212125,6482067,0.9584,BOTTOM_20_PERCENT
P01079,UNKNOWN_PRODUCT,UNKNOWN_CATEGORY,1750,3,2,6215625,6482067,0.9589,BOTTOM_20_PERCENT
P00728,UNKNOWN_PRODUCT,UNKNOWN_CATEGORY,1750,6,2,6215625,6482067,0.9589,BOTTOM_20_PERCENT
P00520,UNKNOWN_PRODUCT,UNKNOWN_CATEGORY,1735,5,2,6217360,6482067,0.9592,BOTTOM_20_PERCENT
P01171,UNKNOWN_PRODUCT,UNKNOWN_CATEGORY,1729,3,2,6219089,6482067,0.9594,BOTTOM_20_PERCENT
P01088,UNKNOWN_PRODUCT,UNKNOWN_CATEGORY,1728,4,1,6220817,6482067,0.9597,BOTTOM_20_PERCENT
P00146,UNKNOWN_PRODUCT,UNKNOWN_CATEGORY,1727,8,3,6222544,6482067,0.96,BOTTOM_20_PERCENT
P00577,Product_577,manicure,1721,5,2,6224265,6482067,0.9602,BOTTOM_20_PERCENT
P00579,UNKNOWN_PRODUCT,UNKNOWN_CATEGORY,1691,2,2,6225956,6482067,0.9605,BOTTOM_20_PERCENT
P00548,UNKNOWN_PRODUCT,UNKNOWN_CATEGORY,1689,3,1,6227645,6482067,0.9607,BOTTOM_20_PERCENT
P00084,UNKNOWN_PRODUCT,UNKNOWN_CATEGORY,1688,4,1,6229333,6482067,0.961,BOTTOM_20_PERCENT
P00512,UNKNOWN_PRODUCT,UNKNOWN_CATEGORY,1680,2,1,6231013,6482067,0.9613,BOTTOM_20_PERCENT
P00378,UNKNOWN_PRODUCT,UNKNOWN_CATEGORY,1674,2,1,6232687,6482067,0.9615,BOTTOM_20_PERCENT
P00528,UNKNOWN_PRODUCT,UNKNOWN_CATEGORY,1662,2,1,6234349,6482067,0.9618,BOTTOM_20_PERCENT
P00250,Product_250,tools,1661,4,2,6237671,6482067,0.9623,BOTTOM_20_PERCENT
P00992,UNKNOWN_PRODUCT,UNKNOWN_CATEGORY,1661,7,3,6237671,6482067,0.9623,BOTTOM_20_PERCENT
P01192,UNKNOWN_PRODUCT,UNKNOWN_CATEGORY,1650,5,1,6239321,6482067,0.9626,BOTTOM_20_PERCENT
P01491,Product_1491,tools,1644,2,1,6240965,6482067,0.9628,BOTTOM_20_PERCENT
P00390,Product_390,tools,1642,7,2,6242607,6482067,0.9631,BOTTOM_20_PERCENT
P00134,UNKNOWN_PRODUCT,UNKNOWN_CATEGORY,1635,5,1,6244242,6482067,0.9633,BOTTOM_20_PERCENT
P01454,UNKNOWN_PRODUCT,UNKNOWN_CATEGORY,1633,9,2,6245875,6482067,0.9636,BOTTOM_20_PERCENT
P00332,Product_332,tools,1626,3,1,6247501,6482067,0.9638,BOTTOM_20_PERCENT
P00283,Product_283,manicure,1624,4,1,6249125,6482067,0.9641,BOTTOM_20_PERCENT
P00025,UNKNOWN_PRODUCT,UNKNOWN_CATEGORY,1617,3,1,6250742,6482067,0.9643,BOTTOM_20_PERCENT
P01455,Product_1455,tools,1599,9,2,6252341,6482067,0.9646,BOTTOM_20_PERCENT
P00438,UNKNOWN_PRODUCT,UNKNOWN_CATEGORY,1597,2,2,6253938,6482067,0.9648,BOTTOM_20_PERCENT
P00236,UNKNOWN_PRODUCT,UNKNOWN_CATEGORY,1596,4,1,6255534,6482067,0.9651,BOTTOM_20_PERCENT
P00503,Product_503,tools,1584,4,1,6257118,6482067,0.9653,BOTTOM_20_PERCENT
P00426,UNKNOWN_PRODUCT,UNKNOWN_CATEGORY,1582,8,2,6258700,6482067,0.9655,BOTTOM_20_PERCENT
P00405,UNKNOWN_PRODUCT,UNKNOWN_CATEGORY,1578,2,1,6260278,6482067,0.9658,BOTTOM_20_PERCENT
P00683,UNKNOWN_PRODUCT,UNKNOWN_CATEGORY,1563,3,1,6261841,6482067,0.966,BOTTOM_20_PERCENT
P00640,UNKNOWN_PRODUCT,UNKNOWN_CATEGORY,1560,4,1,6264961,6482067,0.9665,BOTTOM_20_PERCENT
P00645,UNKNOWN_PRODUCT,UNKNOWN_CATEGORY,1560,3,1,6264961,6482067,0.9665,BOTTOM_20_PERCENT
P00760,UNKNOWN_PRODUCT,UNKNOWN_CATEGORY,1542,3,1,6266503,6482067,0.9667,BOTTOM_20_PERCENT
P00324,Product_324,manicure,1521,3,1,6268024,6482067,0.967,BOTTOM_20_PERCENT
P00564,Product_564,tools,1514,2,2,6269538,6482067,0.9672,BOTTOM_20_PERCENT
P01085,UNKNOWN_PRODUCT,UNKNOWN_CATEGORY,1512,3,1,6271050,6482067,0.9674,BOTTOM_20_PERCENT
P00286,UNKNOWN_PRODUCT,UNKNOWN_CATEGORY,1499,1,1,6272549,6482067,0.9677,BOTTOM_20_PERCENT
P01452,Product_1452,manicure,1495,5,1,6274044,6482067,0.9679,BOTTOM_20_PERCENT
P00709,UNKNOWN_PRODUCT,UNKNOWN_CATEGORY,1492,3,2,6275536,6482067,0.9681,BOTTOM_20_PERCENT
P00402,Product_402,tools,1478,2,1,6277014,6482067,0.9684,BOTTOM_20_PERCENT
P01252,UNKNOWN_PRODUCT,UNKNOWN_CATEGORY,1468,2,1,6278482,6482067,0.9686,BOTTOM_20_PERCENT
P00547,UNKNOWN_PRODUCT,UNKNOWN_CATEGORY,1460,5,1,6279942,6482067,0.9688,BOTTOM_20_PERCENT
P01054,UNKNOWN_PRODUCT,UNKNOWN_CATEGORY,1452,4,1,6281394,6482067,0.969,BOTTOM_20_PERCENT
P00433,UNKNOWN_PRODUCT,UNKNOWN_CATEGORY,1440,4,1,6282834,6482067,0.9693,BOTTOM_20_PERCENT
P01080,UNKNOWN_PRODUCT,UNKNOWN_CATEGORY,1431,3,1,6284265,6482067,0.9695,BOTTOM_20_PERCENT
P01268,UNKNOWN_PRODUCT,UNKNOWN_CATEGORY,1424,4,1,6285689,6482067,0.9697,BOTTOM_20_PERCENT
P01249,UNKNOWN_PRODUCT,UNKNOWN_CATEGORY,1422,2,1,6287111,6482067,0.9699,BOTTOM_20_PERCENT
P01131,UNKNOWN_PRODUCT,UNKNOWN_CATEGORY,1421,1,1,6288532,6482067,0.9701,BOTTOM_20_PERCENT
P01147,UNKNOWN_PRODUCT,UNKNOWN_CATEGORY,1412,6,2,6289944,6482067,0.9704,BOTTOM_20_PERCENT
P00086,UNKNOWN_PRODUCT,UNKNOWN_CATEGORY,1404,3,1,6291348,6482067,0.9706,BOTTOM_20_PERCENT
P00832,UNKNOWN_PRODUCT,UNKNOWN_CATEGORY,1400,4,1,6292748,6482067,0.9708,BOTTOM_20_PERCENT
P01361,UNKNOWN_PRODUCT,UNKNOWN_CATEGORY,1396,4,1,6294144,6482067,0.971,BOTTOM_20_PERCENT
P00432,Product_432,manicure,1376,4,1,6295520,6482067,0.9712,BOTTOM_20_PERCENT
P01330,UNKNOWN_PRODUCT,UNKNOWN_CATEGORY,1368,3,1,6296888,6482067,0.9714,BOTTOM_20_PERCENT
P01213,UNKNOWN_PRODUCT,UNKNOWN_CATEGORY,1365,3,1,6298253,6482067,0.9716,BOTTOM_20_PERCENT
P00291,UNKNOWN_PRODUCT,UNKNOWN_CATEGORY,1348,4,1,6299601,6482067,0.9719,BOTTOM_20_PERCENT
P00333,UNKNOWN_PRODUCT,UNKNOWN_CATEGORY,1347,3,1,6300948,6482067,0.9721,BOTTOM_20_PERCENT
P00524,UNKNOWN_PRODUCT,UNKNOWN_CATEGORY,1345,1,1,6302293,6482067,0.9723,BOTTOM_20_PERCENT
P00586,Product_586,tools,1344,3,1,6303637,6482067,0.9725,BOTTOM_20_PERCENT
P01353,UNKNOWN_PRODUCT,UNKNOWN_CATEGORY,1332,1,1,6304969,6482067,0.9727,BOTTOM_20_PERCENT
P00917,UNKNOWN_PRODUCT,UNKNOWN_CATEGORY,1329,1,1,6306298,6482067,0.9729,BOTTOM_20_PERCENT
P01379,Product_1379,tools,1323,3,2,6307621,6482067,0.9731,BOTTOM_20_PERCENT
P00796,Product_796,tools,1320,2,1,6308941,6482067,0.9733,BOTTOM_20_PERCENT
P00710,UNKNOWN_PRODUCT,UNKNOWN_CATEGORY,1317,3,1,6310258,6482067,0.9735,BOTTOM_20_PERCENT
P01370,UNKNOWN_PRODUCT,UNKNOWN_CATEGORY,1309,1,1,6311567,6482067,0.9737,BOTTOM_20_PERCENT
P01279,UNKNOWN_PRODUCT,UNKNOWN_CATEGORY,1306,2,1,6312873,6482067,0.9739,BOTTOM_20_PERCENT
P01321,UNKNOWN_PRODUCT,UNKNOWN_CATEGORY,1304,1,1,6314177,6482067,0.9741,BOTTOM_20_PERCENT
P00643,UNKNOWN_PRODUCT,UNKNOWN_CATEGORY,1292,4,1,6315469,6482067,0.9743,BOTTOM_20_PERCENT
P00854,UNKNOWN_PRODUCT,UNKNOWN_CATEGORY,1283,1,1,6316752,6482067,0.9745,BOTTOM_20_PERCENT
P00072,UNKNOWN_PRODUCT,UNKNOWN_CATEGORY,1282,2,1,6318034,6482067,0.9747,BOTTOM_20_PERCENT
P00308,UNKNOWN_PRODUCT,UNKNOWN_CATEGORY,1281,3,1,6319315,6482067,0.9749,BOTTOM_20_PERCENT
P00421,UNKNOWN_PRODUCT,UNKNOWN_CATEGORY,1278,3,1,6320593,6482067,0.9751,BOTTOM_20_PERCENT
P00717,Product_717,manicure,1269,3,1,6321862,6482067,0.9753,BOTTOM_20_PERCENT
P00371,UNKNOWN_PRODUCT,UNKNOWN_CATEGORY,1266,3,1,6323128,6482067,0.9755,BOTTOM_20_PERCENT
P00614,UNKNOWN_PRODUCT,UNKNOWN_CATEGORY,1264,1,1,6325656,6482067,0.9759,BOTTOM_20_PERCENT
P00618,UNKNOWN_PRODUCT,UNKNOWN_CATEGORY,1264,2,1,6325656,6482067,0.9759,BOTTOM_20_PERCENT
P00708,UNKNOWN_PRODUCT,UNKNOWN_CATEGORY,1260,2,1,6326916,6482067,0.9761,BOTTOM_20_PERCENT
P01417,UNKNOWN_PRODUCT,UNKNOWN_CATEGORY,1256,2,1,6328172,6482067,0.9763,BOTTOM_20_PERCENT
P00362,UNKNOWN_PRODUCT,UNKNOWN_CATEGORY,1250,5,1,6329422,6482067,0.9765,BOTTOM_20_PERCENT
P00278,UNKNOWN_PRODUCT,UNKNOWN_CATEGORY,1245,5,1,6330667,6482067,0.9766,BOTTOM_20_PERCENT
P01181,UNKNOWN_PRODUCT,UNKNOWN_CATEGORY,1242,1,1,6331909,6482067,0.9768,BOTTOM_20_PERCENT
P00372,UNKNOWN_PRODUCT,UNKNOWN_CATEGORY,1226,1,1,6333135,6482067,0.977,BOTTOM_20_PERCENT
P00591,UNKNOWN_PRODUCT,UNKNOWN_CATEGORY,1222,4,2,6334357,6482067,0.9772,BOTTOM_20_PERCENT
P00347,Product_347,tools,1218,5,2,6335575,6482067,0.9774,BOTTOM_20_PERCENT
P01163,UNKNOWN_PRODUCT,UNKNOWN_CATEGORY,1210,5,1,6336785,6482067,0.9776,BOTTOM_20_PERCENT
P00858,UNKNOWN_PRODUCT,UNKNOWN_CATEGORY,1209,1,1,6337994,6482067,0.9778,BOTTOM_20_PERCENT
P00835,UNKNOWN_PRODUCT,UNKNOWN_CATEGORY,1204,1,1,6340402,6482067,0.9781,BOTTOM_20_PERCENT
P00754,Product_754,manicure,1204,1,1,6340402,6482067,0.9781,BOTTOM_20_PERCENT
P01492,UNKNOWN_PRODUCT,UNKNOWN_CATEGORY,1203,1,1,6341605,6482067,0.9783,BOTTOM_20_PERCENT
P01030,UNKNOWN_PRODUCT,UNKNOWN_CATEGORY,1200,5,2,6342805,6482067,0.9785,BOTTOM_20_PERCENT
P00855,UNKNOWN_PRODUCT,UNKNOWN_CATEGORY,1196,2,1,6344001,6482067,0.9787,BOTTOM_20_PERCENT
P00265,UNKNOWN_PRODUCT,UNKNOWN_CATEGORY,1195,1,1,6346391,6482067,0.9791,BOTTOM_20_PERCENT
P01140,UNKNOWN_PRODUCT,UNKNOWN_CATEGORY,1195,5,1,6346391,6482067,0.9791,BOTTOM_20_PERCENT
P00901,UNKNOWN_PRODUCT,UNKNOWN_CATEGORY,1194,3,1,6347585,6482067,0.9793,BOTTOM_20_PERCENT
P00417,UNKNOWN_PRODUCT,UNKNOWN_CATEGORY,1193,1,1,6348778,6482067,0.9794,BOTTOM_20_PERCENT
P00262,UNKNOWN_PRODUCT,UNKNOWN_CATEGORY,1189,1,1,6349967,6482067,0.9796,BOTTOM_20_PERCENT
P00107,Product_107,manicure,1180,4,1,6351147,6482067,0.9798,BOTTOM_20_PERCENT
P01289,UNKNOWN_PRODUCT,UNKNOWN_CATEGORY,1168,5,2,6352315,6482067,0.98,BOTTOM_20_PERCENT
P01180,UNKNOWN_PRODUCT,UNKNOWN_CATEGORY,1167,1,1,6354649,6482067,0.9803,BOTTOM_20_PERCENT
P01006,UNKNOWN_PRODUCT,UNKNOWN_CATEGORY,1167,6,2,6354649,6482067,0.9803,BOTTOM_20_PERCENT
P00596,UNKNOWN_PRODUCT,UNKNOWN_CATEGORY,1159,1,1,6355808,6482067,0.9805,BOTTOM_20_PERCENT
P01490,UNKNOWN_PRODUCT,UNKNOWN_CATEGORY,1156,4,2,6356964,6482067,0.9807,BOTTOM_20_PERCENT
P01325,UNKNOWN_PRODUCT,UNKNOWN_CATEGORY,1148,4,1,6358112,6482067,0.9809,BOTTOM_20_PERCENT
P01218,UNKNOWN_PRODUCT,UNKNOWN_CATEGORY,1142,1,1,6359254,6482067,0.9811,BOTTOM_20_PERCENT
P01410,UNKNOWN_PRODUCT,UNKNOWN_CATEGORY,1135,1,1,6360389,6482067,0.9812,BOTTOM_20_PERCENT
P00739,UNKNOWN_PRODUCT,UNKNOWN_CATEGORY,1133,1,1,6361522,6482067,0.9814,BOTTOM_20_PERCENT
P01128,UNKNOWN_PRODUCT,UNKNOWN_CATEGORY,1132,1,1,6362654,6482067,0.9816,BOTTOM_20_PERCENT
P00974,UNKNOWN_PRODUCT,UNKNOWN_CATEGORY,1131,4,2,6363785,6482067,0.9818,BOTTOM_20_PERCENT
P01488,UNKNOWN_PRODUCT,UNKNOWN_CATEGORY,1130,5,1,6364915,6482067,0.9819,BOTTOM_20_PERCENT
P01406,UNKNOWN_PRODUCT,UNKNOWN_CATEGORY,1121,1,1,6366036,6482067,0.9821,BOTTOM_20_PERCENT
P00419,UNKNOWN_PRODUCT,UNKNOWN_CATEGORY,1120,2,2,6367156,6482067,0.9823,BOTTOM_20_PERCENT
P00442,UNKNOWN_PRODUCT,UNKNOWN_CATEGORY,1115,5,1,6369386,6482067,0.9826,BOTTOM_20_PERCENT
P00382,UNKNOWN_PRODUCT,UNKNOWN_CATEGORY,1115,5,1,6369386,6482067,0.9826,BOTTOM_20_PERCENT
P00280,UNKNOWN_PRODUCT,UNKNOWN_CATEGORY,1111,1,1,6370497,6482067,0.9828,BOTTOM_20_PERCENT
P00961,UNKNOWN_PRODUCT,UNKNOWN_CATEGORY,1093,9,2,6371590,6482067,0.983,BOTTOM_20_PERCENT
P01307,Product_1307,manicure,1085,5,1,6372675,6482067,0.9831,BOTTOM_20_PERCENT
P01298,Product_1298,pedicure,1083,1,1,6374841,6482067,0.9835,BOTTOM_20_PERCENT
P00938,UNKNOWN_PRODUCT,UNKNOWN_CATEGORY,1083,1,1,6374841,6482067,0.9835,BOTTOM_20_PERCENT
P01451,UNKNOWN_PRODUCT,UNKNOWN_CATEGORY,1079,1,1,6375920,6482067,0.9836,BOTTOM_20_PERCENT
P00785,Product_785,manicure,1075,5,1,6376995,6482067,0.9838,BOTTOM_20_PERCENT
P00864,UNKNOWN_PRODUCT,UNKNOWN_CATEGORY,1072,2,1,6378067,6482067,0.984,BOTTOM_20_PERCENT
P00191,UNKNOWN_PRODUCT,UNKNOWN_CATEGORY,1071,4,2,6379138,6482067,0.9841,BOTTOM_20_PERCENT
P00037,UNKNOWN_PRODUCT,UNKNOWN_CATEGORY,1064,4,1,6380202,6482067,0.9843,BOTTOM_20_PERCENT
P01453,UNKNOWN_PRODUCT,UNKNOWN_CATEGORY,1059,1,1,6381261,6482067,0.9844,BOTTOM_20_PERCENT
P00118,UNKNOWN_PRODUCT,UNKNOWN_CATEGORY,1058,2,1,6382319,6482067,0.9846,BOTTOM_20_PERCENT
P00757,UNKNOWN_PRODUCT,UNKNOWN_CATEGORY,1057,1,1,6383376,6482067,0.9848,BOTTOM_20_PERCENT
P00046,UNKNOWN_PRODUCT,UNKNOWN_CATEGORY,1046,4,2,6384422,6482067,0.9849,BOTTOM_20_PERCENT
P01431,Product_1431,manicure,1041,1,1,6385463,6482067,0.9851,BOTTOM_20_PERCENT
P01207,UNKNOWN_PRODUCT,UNKNOWN_CATEGORY,1039,1,1,6388580,6482067,0.9856,BOTTOM_20_PERCENT
P00207,UNKNOWN_PRODUCT,UNKNOWN_CATEGORY,1039,1,1,6388580,6482067,0.9856,BOTTOM_20_PERCENT
P01032,UNKNOWN_PRODUCT,UNKNOWN_CATEGORY,1039,4,2,6388580,6482067,0.9856,BOTTOM_20_PERCENT
P00707,UNKNOWN_PRODUCT,UNKNOWN_CATEGORY,1037,1,1,6389617,6482067,0.9857,BOTTOM_20_PERCENT
P01063,UNKNOWN_PRODUCT,UNKNOWN_CATEGORY,1028,4,1,6390645,6482067,0.9859,BOTTOM_20_PERCENT
P00326,UNKNOWN_PRODUCT,UNKNOWN_CATEGORY,1024,4,1,6391669,6482067,0.9861,BOTTOM_20_PERCENT
P00513,Product_513,pedicure,1021,6,2,6392690,6482067,0.9862,BOTTOM_20_PERCENT
P00170,UNKNOWN_PRODUCT,UNKNOWN_CATEGORY,1014,2,1,6394718,6482067,0.9865,BOTTOM_20_PERCENT
P01174,UNKNOWN_PRODUCT,UNKNOWN_CATEGORY,1014,2,1,6394718,6482067,0.9865,BOTTOM_20_PERCENT
P00078,UNKNOWN_PRODUCT,UNKNOWN_CATEGORY,1008,2,1,6395726,6482067,0.9867,BOTTOM_20_PERCENT
P00517,UNKNOWN_PRODUCT,UNKNOWN_CATEGORY,1004,4,1,6396730,6482067,0.9868,BOTTOM_20_PERCENT
P00912,UNKNOWN_PRODUCT,UNKNOWN_CATEGORY,1002,2,1,6397732,6482067,0.987,BOTTOM_20_PERCENT
P00890,UNKNOWN_PRODUCT,UNKNOWN_CATEGORY,988,4,1,6398720,6482067,0.9871,BOTTOM_20_PERCENT
P00492,UNKNOWN_PRODUCT,UNKNOWN_CATEGORY,987,1,1,6399707,6482067,0.9873,BOTTOM_20_PERCENT
P00562,UNKNOWN_PRODUCT,UNKNOWN_CATEGORY,986,2,2,6400693,6482067,0.9874,BOTTOM_20_PERCENT
P01038,Product_1038,manicure,972,4,1,6402637,6482067,0.9877,BOTTOM_20_PERCENT
P00580,Product_580,pedicure,972,3,1,6402637,6482067,0.9877,BOTTOM_20_PERCENT
P00584,UNKNOWN_PRODUCT,UNKNOWN_CATEGORY,969,3,1,6403606,6482067,0.9879,BOTTOM_20_PERCENT
P00197,UNKNOWN_PRODUCT,UNKNOWN_CATEGORY,957,1,1,6404563,6482067,0.988,BOTTOM_20_PERCENT
P00779,UNKNOWN_PRODUCT,UNKNOWN_CATEGORY,951,3,1,6405514,6482067,0.9882,BOTTOM_20_PERCENT
P00625,UNKNOWN_PRODUCT,UNKNOWN_CATEGORY,940,4,1,6408334,6482067,0.9886,BOTTOM_20_PERCENT
P00745,UNKNOWN_PRODUCT,UNKNOWN_CATEGORY,940,2,1,6408334,6482067,0.9886,BOTTOM_20_PERCENT
P00573,UNKNOWN_PRODUCT,UNKNOWN_CATEGORY,940,5,1,6408334,6482067,0.9886,BOTTOM_20_PERCENT
P01276,UNKNOWN_PRODUCT,UNKNOWN_CATEGORY,930,10,2,6409264,6482067,0.9888,BOTTOM_20_PERCENT
P01346,UNKNOWN_PRODUCT,UNKNOWN_CATEGORY,925,3,2,6410189,6482067,0.9889,BOTTOM_20_PERCENT
P00489,Product_489,tools,924,1,1,6412037,6482067,0.9892,BOTTOM_20_PERCENT
P01444,UNKNOWN_PRODUCT,UNKNOWN_CATEGORY,924,1,1,6412037,6482067,0.9892,BOTTOM_20_PERCENT
P01471,UNKNOWN_PRODUCT,UNKNOWN_CATEGORY,916,1,1,6413869,6482067,0.9895,BOTTOM_20_PERCENT
P00415,UNKNOWN_PRODUCT,UNKNOWN_CATEGORY,916,1,1,6413869,6482067,0.9895,BOTTOM_20_PERCENT
P01159,UNKNOWN_PRODUCT,UNKNOWN_CATEGORY,914,1,1,6414783,6482067,0.9896,BOTTOM_20_PERCENT
P00136,UNKNOWN_PRODUCT,UNKNOWN_CATEGORY,909,3,1,6415692,6482067,0.9898,BOTTOM_20_PERCENT
P00285,UNKNOWN_PRODUCT,UNKNOWN_CATEGORY,908,4,1,6416600,6482067,0.9899,BOTTOM_20_PERCENT
P00553,Product_553,tools,904,2,1,6417504,6482067,0.99,BOTTOM_20_PERCENT
P00040,UNKNOWN_PRODUCT,UNKNOWN_CATEGORY,896,1,1,6418400,6482067,0.9902,BOTTOM_20_PERCENT
P00288,UNKNOWN_PRODUCT,UNKNOWN_CATEGORY,888,4,1,6419288,6482067,0.9903,BOTTOM_20_PERCENT
P00900,UNKNOWN_PRODUCT,UNKNOWN_CATEGORY,878,2,1,6420166,6482067,0.9905,BOTTOM_20_PERCENT
P01206,UNKNOWN_PRODUCT,UNKNOWN_CATEGORY,861,3,1,6421027,6482067,0.9906,BOTTOM_20_PERCENT
P00826,Product_826,pedicure,860,5,1,6421887,6482067,0.9907,BOTTOM_20_PERCENT
P00259,UNKNOWN_PRODUCT,UNKNOWN_CATEGORY,856,2,1,6422743,6482067,0.9908,BOTTOM_20_PERCENT
P00000,UNKNOWN_PRODUCT,UNKNOWN_CATEGORY,837,1,1,6423580,6482067,0.991,BOTTOM_20_PERCENT
P00389,UNKNOWN_PRODUCT,UNKNOWN_CATEGORY,836,2,1,6424416,6482067,0.9911,BOTTOM_20_PERCENT
P00946,UNKNOWN_PRODUCT,UNKNOWN_CATEGORY,834,1,1,6426084,6482067,0.9914,BOTTOM_20_PERCENT
P00470,UNKNOWN_PRODUCT,UNKNOWN_CATEGORY,834,1,1,6426084,6482067,0.9914,BOTTOM_20_PERCENT
P00928,UNKNOWN_PRODUCT,UNKNOWN_CATEGORY,828,4,1,6427740,6482067,0.9916,BOTTOM_20_PERCENT
P00437,UNKNOWN_PRODUCT,UNKNOWN_CATEGORY,828,4,1,6427740,6482067,0.9916,BOTTOM_20_PERCENT
P01356,UNKNOWN_PRODUCT,UNKNOWN_CATEGORY,819,1,1,6428559,6482067,0.9917,BOTTOM_20_PERCENT
P00269,UNKNOWN_PRODUCT,UNKNOWN_CATEGORY,816,4,1,6429375,6482067,0.9919,BOTTOM_20_PERCENT
P00175,Product_175,tools,811,3,2,6430186,6482067,0.992,BOTTOM_20_PERCENT
P01033,UNKNOWN_PRODUCT,UNKNOWN_CATEGORY,809,1,1,6430995,6482067,0.9921,BOTTOM_20_PERCENT
P00066,Product_66,pedicure,800,1,1,6431795,6482067,0.9922,BOTTOM_20_PERCENT
P00338,UNKNOWN_PRODUCT,UNKNOWN_CATEGORY,796,2,1,6432591,6482067,0.9924,BOTTOM_20_PERCENT
P01284,UNKNOWN_PRODUCT,UNKNOWN_CATEGORY,792,1,1,6433383,6482067,0.9925,BOTTOM_20_PERCENT
P00689,UNKNOWN_PRODUCT,UNKNOWN_CATEGORY,782,2,1,6434165,6482067,0.9926,BOTTOM_20_PERCENT
P00571,UNKNOWN_PRODUCT,UNKNOWN_CATEGORY,776,1,1,6434941,6482067,0.9927,BOTTOM_20_PERCENT
P00865,Product_865,tools,775,1,1,6435716,6482067,0.9928,BOTTOM_20_PERCENT
P01303,UNKNOWN_PRODUCT,UNKNOWN_CATEGORY,763,1,1,6436479,6482067,0.993,BOTTOM_20_PERCENT
P00641,UNKNOWN_PRODUCT,UNKNOWN_CATEGORY,750,2,1,6437229,6482067,0.9931,BOTTOM_20_PERCENT
P00235,Product_235,tools,748,2,1,6437977,6482067,0.9932,BOTTOM_20_PERCENT
P00375,UNKNOWN_PRODUCT,UNKNOWN_CATEGORY,744,3,1,6438721,6482067,0.9933,BOTTOM_20_PERCENT
P01023,UNKNOWN_PRODUCT,UNKNOWN_CATEGORY,716,2,1,6439437,6482067,0.9934,BOTTOM_20_PERCENT
P01401,Product_1401,pedicure,707,1,1,6440144,6482067,0.9935,BOTTOM_20_PERCENT
P01446,UNKNOWN_PRODUCT,UNKNOWN_CATEGORY,705,4,2,6440849,6482067,0.9936,BOTTOM_20_PERCENT
P00673,UNKNOWN_PRODUCT,UNKNOWN_CATEGORY,696,2,1,6441545,6482067,0.9937,BOTTOM_20_PERCENT
P00029,UNKNOWN_PRODUCT,UNKNOWN_CATEGORY,690,3,1,6442235,6482067,0.9939,BOTTOM_20_PERCENT
P00846,UNKNOWN_PRODUCT,UNKNOWN_CATEGORY,684,4,1,6442919,6482067,0.994,BOTTOM_20_PERCENT
P01000,UNKNOWN_PRODUCT,UNKNOWN_CATEGORY,674,2,1,6443593,6482067,0.9941,BOTTOM_20_PERCENT
P00416,UNKNOWN_PRODUCT,UNKNOWN_CATEGORY,668,2,1,6444261,6482067,0.9942,BOTTOM_20_PERCENT
P01386,UNKNOWN_PRODUCT,UNKNOWN_CATEGORY,667,2,2,6444928,6482067,0.9943,BOTTOM_20_PERCENT
P00593,UNKNOWN_PRODUCT,UNKNOWN_CATEGORY,665,5,1,6445593,6482067,0.9944,BOTTOM_20_PERCENT
P01436,UNKNOWN_PRODUCT,UNKNOWN_CATEGORY,662,1,1,6446255,6482067,0.9945,BOTTOM_20_PERCENT
P00245,UNKNOWN_PRODUCT,UNKNOWN_CATEGORY,660,2,1,6446915,6482067,0.9946,BOTTOM_20_PERCENT
P01176,UNKNOWN_PRODUCT,UNKNOWN_CATEGORY,658,1,1,6447573,6482067,0.9947,BOTTOM_20_PERCENT
P00800,Product_800,tools,655,5,1,6448228,6482067,0.9948,BOTTOM_20_PERCENT
P00570,UNKNOWN_PRODUCT,UNKNOWN_CATEGORY,650,5,1,6448878,6482067,0.9949,BOTTOM_20_PERCENT
P01484,UNKNOWN_PRODUCT,UNKNOWN_CATEGORY,649,1,1,6449527,6482067,0.995,BOTTOM_20_PERCENT
P00266,UNKNOWN_PRODUCT,UNKNOWN_CATEGORY,648,2,1,6450175,6482067,0.9951,BOTTOM_20_PERCENT
P00679,UNKNOWN_PRODUCT,UNKNOWN_CATEGORY,636,1,1,6450811,6482067,0.9952,BOTTOM_20_PERCENT
P00360,UNKNOWN_PRODUCT,UNKNOWN_CATEGORY,632,1,1,6451443,6482067,0.9953,BOTTOM_20_PERCENT
P00741,UNKNOWN_PRODUCT,UNKNOWN_CATEGORY,620,1,1,6452063,6482067,0.9954,BOTTOM_20_PERCENT
P00206,UNKNOWN_PRODUCT,UNKNOWN_CATEGORY,604,4,1,6452667,6482067,0.9955,BOTTOM_20_PERCENT
P01099,Product_1099,manicure,597,1,1,6453264,6482067,0.9956,BOTTOM_20_PERCENT
P01450,Product_1450,tools,593,1,1,6453857,6482067,0.9956,BOTTOM_20_PERCENT
P00224,UNKNOWN_PRODUCT,UNKNOWN_CATEGORY,585,1,1,6455027,6482067,0.9958,BOTTOM_20_PERCENT
P00109,UNKNOWN_PRODUCT,UNKNOWN_CATEGORY,585,1,1,6455027,6482067,0.9958,BOTTOM_20_PERCENT
P01047,UNKNOWN_PRODUCT,UNKNOWN_CATEGORY,578,1,1,6455605,6482067,0.9959,BOTTOM_20_PERCENT
P00902,UNKNOWN_PRODUCT,UNKNOWN_CATEGORY,574,2,1,6456179,6482067,0.996,BOTTOM_20_PERCENT
P00605,UNKNOWN_PRODUCT,UNKNOWN_CATEGORY,570,2,1,6456749,6482067,0.9961,BOTTOM_20_PERCENT
P00143,UNKNOWN_PRODUCT,UNKNOWN_CATEGORY,562,1,1,6457311,6482067,0.9962,BOTTOM_20_PERCENT
P00784,UNKNOWN_PRODUCT,UNKNOWN_CATEGORY,560,2,1,6457871,6482067,0.9963,BOTTOM_20_PERCENT
P01187,UNKNOWN_PRODUCT,UNKNOWN_CATEGORY,549,1,1,6458420,6482067,0.9964,BOTTOM_20_PERCENT
P00701,UNKNOWN_PRODUCT,UNKNOWN_CATEGORY,548,2,1,6459516,6482067,0.9965,BOTTOM_20_PERCENT
P00070,UNKNOWN_PRODUCT,UNKNOWN_CATEGORY,548,4,1,6459516,6482067,0.9965,BOTTOM_20_PERCENT
P00906,UNKNOWN_PRODUCT,UNKNOWN_CATEGORY,532,1,1,6460580,6482067,0.9967,BOTTOM_20_PERCENT
P00111,UNKNOWN_PRODUCT,UNKNOWN_CATEGORY,532,2,1,6460580,6482067,0.9967,BOTTOM_20_PERCENT
P01117,UNKNOWN_PRODUCT,UNKNOWN_CATEGORY,516,4,1,6461096,6482067,0.9968,BOTTOM_20_PERCENT
P01139,UNKNOWN_PRODUCT,UNKNOWN_CATEGORY,512,2,1,6461608,6482067,0.9968,BOTTOM_20_PERCENT
P01323,UNKNOWN_PRODUCT,UNKNOWN_CATEGORY,507,1,1,6462115,6482067,0.9969,BOTTOM_20_PERCENT
P00716,UNKNOWN_PRODUCT,UNKNOWN_CATEGORY,489,7,2,6462604,6482067,0.997,BOTTOM_20_PERCENT
P00364,UNKNOWN_PRODUCT,UNKNOWN_CATEGORY,483,1,1,6463087,6482067,0.9971,BOTTOM_20_PERCENT
P00481,UNKNOWN_PRODUCT,UNKNOWN_CATEGORY,473,1,1,6463560,6482067,0.9971,BOTTOM_20_PERCENT
P01142,UNKNOWN_PRODUCT,UNKNOWN_CATEGORY,469,1,1,6464029,6482067,0.9972,BOTTOM_20_PERCENT
P00814,UNKNOWN_PRODUCT,UNKNOWN_CATEGORY,460,5,1,6464489,6482067,0.9973,BOTTOM_20_PERCENT
P01332,UNKNOWN_PRODUCT,UNKNOWN_CATEGORY,453,3,1,6464942,6482067,0.9974,BOTTOM_20_PERCENT
P01246,UNKNOWN_PRODUCT,UNKNOWN_CATEGORY,445,1,1,6465832,6482067,0.9975,BOTTOM_20_PERCENT
P00836,Product_836,tools,445,5,1,6465832,6482067,0.9975,BOTTOM_20_PERCENT
P00169,UNKNOWN_PRODUCT,UNKNOWN_CATEGORY,444,2,1,6466276,6482067,0.9976,BOTTOM_20_PERCENT
P00862,UNKNOWN_PRODUCT,UNKNOWN_CATEGORY,442,2,1,6466718,6482067,0.9976,BOTTOM_20_PERCENT
P00849,UNKNOWN_PRODUCT,UNKNOWN_CATEGORY,440,4,1,6467158,6482067,0.9977,BOTTOM_20_PERCENT
P00373,UNKNOWN_PRODUCT,UNKNOWN_CATEGORY,436,1,1,6467594,6482067,0.9978,BOTTOM_20_PERCENT
P01473,UNKNOWN_PRODUCT,UNKNOWN_CATEGORY,432,1,1,6468026,6482067,0.9978,BOTTOM_20_PERCENT
P00057,UNKNOWN_PRODUCT,UNKNOWN_CATEGORY,420,3,1,6468446,6482067,0.9979,BOTTOM_20_PERCENT
P00400,Product_400,manicure,416,1,1,6468862,6482067,0.998,BOTTOM_20_PERCENT
P01239,Product_1239,pedicure,414,3,1,6469276,6482067,0.998,BOTTOM_20_PERCENT
P00682,UNKNOWN_PRODUCT,UNKNOWN_CATEGORY,392,4,1,6469668,6482067,0.9981,BOTTOM_20_PERCENT
P01132,UNKNOWN_PRODUCT,UNKNOWN_CATEGORY,381,1,1,6470049,6482067,0.9981,BOTTOM_20_PERCENT
P01293,UNKNOWN_PRODUCT,UNKNOWN_CATEGORY,377,1,1,6470426,6482067,0.9982,BOTTOM_20_PERCENT
P00256,UNKNOWN_PRODUCT,UNKNOWN_CATEGORY,372,1,1,6470798,6482067,0.9983,BOTTOM_20_PERCENT
P00480,UNKNOWN_PRODUCT,UNKNOWN_CATEGORY,370,2,1,6471168,6482067,0.9983,BOTTOM_20_PERCENT
P00238,UNKNOWN_PRODUCT,UNKNOWN_CATEGORY,368,4,1,6471904,6482067,0.9984,BOTTOM_20_PERCENT
P00064,UNKNOWN_PRODUCT,UNKNOWN_CATEGORY,368,2,1,6471904,6482067,0.9984,BOTTOM_20_PERCENT
P00221,UNKNOWN_PRODUCT,UNKNOWN_CATEGORY,355,3,2,6472259,6482067,0.9985,BOTTOM_20_PERCENT
P01127,UNKNOWN_PRODUCT,UNKNOWN_CATEGORY,354,3,1,6472613,6482067,0.9985,BOTTOM_20_PERCENT
P00185,UNKNOWN_PRODUCT,UNKNOWN_CATEGORY,341,1,1,6472954,6482067,0.9986,BOTTOM_20_PERCENT
P00275,Product_275,manicure,338,1,1,6473292,6482067,0.9986,BOTTOM_20_PERCENT
P00307,UNKNOWN_PRODUCT,UNKNOWN_CATEGORY,337,1,1,6473629,6482067,0.9987,BOTTOM_20_PERCENT
P01419,Product_1419,manicure,336,3,1,6474301,6482067,0.9988,BOTTOM_20_PERCENT
P00677,Product_677,tools,336,3,1,6474301,6482067,0.9988,BOTTOM_20_PERCENT
P00662,UNKNOWN_PRODUCT,UNKNOWN_CATEGORY,330,3,1,6474631,6482067,0.9989,BOTTOM_20_PERCENT
P01496,UNKNOWN_PRODUCT,UNKNOWN_CATEGORY,304,2,1,6474935,6482067,0.9989,BOTTOM_20_PERCENT
P00848,UNKNOWN_PRODUCT,UNKNOWN_CATEGORY,295,1,1,6475230,6482067,0.9989,BOTTOM_20_PERCENT
P01002,UNKNOWN_PRODUCT,UNKNOWN_CATEGORY,292,1,1,6475814,6482067,0.999,BOTTOM_20_PERCENT
P00592,Product_592,pedicure,292,1,1,6475814,6482067,0.999,BOTTOM_20_PERCENT
P01377,UNKNOWN_PRODUCT,UNKNOWN_CATEGORY,291,1,1,6476105,6482067,0.9991,BOTTOM_20_PERCENT
P01183,UNKNOWN_PRODUCT,UNKNOWN_CATEGORY,284,2,1,6476389,6482067,0.9991,BOTTOM_20_PERCENT
P00345,UNKNOWN_PRODUCT,UNKNOWN_CATEGORY,282,2,1,6476671,6482067,0.9992,BOTTOM_20_PERCENT
P01102,Product_1102,manicure,280,5,1,6477231,6482067,0.9993,BOTTOM_20_PERCENT
P00059,UNKNOWN_PRODUCT,UNKNOWN_CATEGORY,280,4,1,6477231,6482067,0.9993,BOTTOM_20_PERCENT
P00817,Product_817,tools,278,2,1,6477509,6482067,0.9993,BOTTOM_20_PERCENT
P00879,Product_879,manicure,272,1,1,6477781,6482067,0.9993,BOTTOM_20_PERCENT
P00768,UNKNOWN_PRODUCT,UNKNOWN_CATEGORY,270,5,1,6478051,6482067,0.9994,BOTTOM_20_PERCENT
P01121,UNKNOWN_PRODUCT,UNKNOWN_CATEGORY,258,3,1,6478309,6482067,0.9994,BOTTOM_20_PERCENT
P00435,UNKNOWN_PRODUCT,UNKNOWN_CATEGORY,256,1,1,6478565,6482067,0.9995,BOTTOM_20_PERCENT
P00575,UNKNOWN_PRODUCT,UNKNOWN_CATEGORY,246,1,1,6478811,6482067,0.9995,BOTTOM_20_PERCENT
P00491,UNKNOWN_PRODUCT,UNKNOWN_CATEGORY,244,4,1,6479055,6482067,0.9995,BOTTOM_20_PERCENT
P00208,UNKNOWN_PRODUCT,UNKNOWN_CATEGORY,228,4,1,6479283,6482067,0.9996,BOTTOM_20_PERCENT
P01005,UNKNOWN_PRODUCT,UNKNOWN_CATEGORY,222,2,1,6479727,6482067,0.9996,BOTTOM_20_PERCENT
P01100,UNKNOWN_PRODUCT,UNKNOWN_CATEGORY,222,1,1,6479727,6482067,0.9996,BOTTOM_20_PERCENT
P01272,Product_1272,manicure,219,1,1,6479946,6482067,0.9997,BOTTOM_20_PERCENT
P01265,UNKNOWN_PRODUCT,UNKNOWN_CATEGORY,216,4,1,6480162,6482067,0.9997,BOTTOM_20_PERCENT
P00032,UNKNOWN_PRODUCT,UNKNOWN_CATEGORY,212,2,1,6480374,6482067,0.9997,BOTTOM_20_PERCENT
P00723,UNKNOWN_PRODUCT,UNKNOWN_CATEGORY,202,2,1,6480576,6482067,0.9998,BOTTOM_20_PERCENT
P00574,UNKNOWN_PRODUCT,UNKNOWN_CATEGORY,199,1,1,6480775,6482067,0.9998,BOTTOM_20_PERCENT
P00606,UNKNOWN_PRODUCT,UNKNOWN_CATEGORY,192,1,1,6480967,6482067,0.9998,BOTTOM_20_PERCENT
P01255,Product_1255,tools,169,1,1,6481136,6482067,0.9999,BOTTOM_20_PERCENT
P00959,UNKNOWN_PRODUCT,UNKNOWN_CATEGORY,156,1,1,6481292,6482067,0.9999,BOTTOM_20_PERCENT
P00271,Product_271,manicure,144,1,1,6481436,6482067,0.9999,BOTTOM_20_PERCENT
P00871,UNKNOWN_PRODUCT,UNKNOWN_CATEGORY,105,5,1,6481751,6482067,1,BOTTOM_20_PERCENT
P01232,Product_1232,pedicure,105,1,1,6481751,6482067,1,BOTTOM_20_PERCENT
P00563,Product_563,tools,105,3,2,6481751,6482067,1,BOTTOM_20_PERCENT
P00287,UNKNOWN_PRODUCT,UNKNOWN_CATEGORY,96,4,1,6481847,6482067,1,BOTTOM_20_PERCENT
P01123,UNKNOWN_PRODUCT,UNKNOWN_CATEGORY,90,2,1,6481937,6482067,1,BOTTOM_20_PERCENT
P01415,Product_1415,manicure,59,1,1,6481996,6482067,1,BOTTOM_20_PERCENT
P00664,Product_664,manicure,43,1,1,6482039,6482067,1,BOTTOM_20_PERCENT
P01368,Product_1368,pedicure,28,1,1,6482067,6482067,1,BOTTOM_20_PERCENT
